threshold,min_area,defect_dice,defect_iou,defect_image_recall,normal_fpr,normal_count,normal_fp_count,normal_fp_pixel_sum,normal_fp_pixel_mean,normal_fp_pixel_median,normal_fp_pixel_p95,normal_largest_fp_area_mean,normal_largest_fp_area_median,normal_largest_fp_area_p95,normal_largest_fp_area_max,stage2_score
0.1,0,0.017187308078439614,0.008809670389708814,1.0,1.0,59,59,24166400.0,409600.0,409600.0,409600.0,409600.0,409600.0,409600.0,409600.0,-1.7828126919215603
0.1,8,0.017187308078439614,0.008809670389708814,1.0,1.0,59,59,24166400.0,409600.0,409600.0,409600.0,409600.0,409600.0,409600.0,409600.0,-1.7828126919215603
0.1,16,0.017187308078439614,0.008809670389708814,1.0,1.0,59,59,24166400.0,409600.0,409600.0,409600.0,409600.0,409600.0,409600.0,409600.0,-1.7828126919215603
0.1,24,0.017187308078439614,0.008809670389708814,1.0,1.0,59,59,24166400.0,409600.0,409600.0,409600.0,409600.0,409600.0,409600.0,409600.0,-1.7828126919215603
0.1,32,0.017187308078439614,0.008809670389708814,1.0,1.0,59,59,24166400.0,409600.0,409600.0,409600.0,409600.0,409600.0,409600.0,409600.0,-1.7828126919215603
0.1,48,0.017187308078439614,0.008809670389708814,1.0,1.0,59,59,24166400.0,409600.0,409600.0,409600.0,409600.0,409600.0,409600.0,409600.0,-1.7828126919215603
0.12,0,0.01718759493985073,0.008809822463875794,1.0,1.0,59,59,24166400.0,409600.0,409600.0,409600.0,409600.0,409600.0,409600.0,409600.0,-1.7828124050601493
0.12,8,0.01718759493985073,0.008809822463875794,1.0,1.0,59,59,24166400.0,409600.0,409600.0,409600.0,409600.0,409600.0,409600.0,409600.0,-1.7828124050601493
0.12,16,0.01718759493985073,0.008809822463875794,1.0,1.0,59,59,24166400.0,409600.0,409600.0,409600.0,409600.0,409600.0,409600.0,409600.0,-1.7828124050601493
0.12,24,0.01718759493985073,0.008809822463875794,1.0,1.0,59,59,24166400.0,409600.0,409600.0,409600.0,409600.0,409600.0,409600.0,409600.0,-1.7828124050601493
0.12,32,0.01718759493985073,0.008809822463875794,1.0,1.0,59,59,24166400.0,409600.0,409600.0,409600.0,409600.0,409600.0,409600.0,409600.0,-1.7828124050601493
0.12,48,0.01718759493985073,0.008809822463875794,1.0,1.0,59,59,24166400.0,409600.0,409600.0,409600.0,409600.0,409600.0,409600.0,409600.0,-1.7828124050601493
0.14,0,0.017189241455803347,0.008810694430672618,1.0,1.0,59,59,24166400.0,409600.0,409600.0,409600.0,409600.0,409600.0,409600.0,409600.0,-1.7828107585441968
0.14,8,0.017189248346953775,0.008810698139146084,1.0,1.0,59,59,24166400.0,409600.0,409600.0,409600.0,409600.0,409600.0,409600.0,409600.0,-1.7828107516530463
0.14,16,0.017189248346953775,0.008810698139146084,1.0,1.0,59,59,24166400.0,409600.0,409600.0,409600.0,409600.0,409600.0,409600.0,409600.0,-1.7828107516530463
0.14,24,0.017189248346953775,0.008810698139146084,1.0,1.0,59,59,24166400.0,409600.0,409600.0,409600.0,409600.0,409600.0,409600.0,409600.0,-1.7828107516530463
0.14,32,0.017189248346953775,0.008810698139146084,1.0,1.0,59,59,24166400.0,409600.0,409600.0,409600.0,409600.0,409600.0,409600.0,409600.0,-1.7828107516530463
0.14,48,0.017189248346953775,0.008810698139146084,1.0,1.0,59,59,24166400.0,409600.0,409600.0,409600.0,409600.0,409600.0,409600.0,409600.0,-1.7828107516530463
0.16,0,0.017569214316417187,0.009016780453953474,1.0,1.0,59,59,24162480.0,409533.5593220339,409600.0,409600.0,409533.5593220339,409600.0,409600.0,409600.0,-1.7824307856835828
0.16,8,0.017569905445408193,0.009017160198568793,1.0,1.0,59,59,24162480.0,409533.5593220339,409600.0,409600.0,409533.5593220339,409600.0,409600.0,409600.0,-1.782430094554592
0.16,16,0.017570632797183586,0.009017558113486016,1.0,1.0,59,59,24162480.0,409533.5593220339,409600.0,409600.0,409533.5593220339,409600.0,409600.0,409600.0,-1.7824293672028164
0.16,24,0.017571446213735218,0.009018003452597848,1.0,1.0,59,59,24162480.0,409533.5593220339,409600.0,409600.0,409533.5593220339,409600.0,409600.0,409600.0,-1.7824285537862647
0.16,32,0.017572260917726092,0.009018451419600783,1.0,1.0,59,59,24162480.0,409533.5593220339,409600.0,409600.0,409533.5593220339,409600.0,409600.0,409600.0,-1.782427739082274
0.16,48,0.017573797461785886,0.009019298468079756,1.0,1.0,59,59,24162480.0,409533.5593220339,409600.0,409600.0,409533.5593220339,409600.0,409600.0,409600.0,-1.7824262025382143
0.18,0,0.026916094005452168,0.014228321899743305,1.0,1.0,59,59,23808298.0,403530.4745762712,409385.0,409600.0,403483.69491525425,409385.0,409600.0,409600.0,-1.7730839059945478
0.18,8,0.026931572493645955,0.014237251388412827,1.0,1.0,59,59,23808089.0,403526.9322033898,409385.0,409600.0,403483.69491525425,409385.0,409600.0,409600.0,-1.7730684275063542
0.18,16,0.026949722332607135,0.01424772580200992,1.0,1.0,59,59,23807801.0,403522.0508474576,409385.0,409600.0,403483.69491525425,409385.0,409600.0,409600.0,-1.7730502776673929
0.18,24,0.02696682934107968,0.014257651579832439,1.0,1.0,59,59,23807622.0,403519.0169491525,409385.0,409600.0,403483.69491525425,409385.0,409600.0,409600.0,-1.7730331706589204
0.18,32,0.02697903495387356,0.014264619445668678,1.0,1.0,59,59,23807468.0,403516.406779661,409385.0,409600.0,403483.69491525425,409385.0,409600.0,409600.0,-1.7730209650461264
0.18,48,0.027005365070115746,0.014279816209351872,1.0,1.0,59,59,23807031.0,403509.0,409385.0,409600.0,403483.69491525425,409385.0,409600.0,409600.0,-1.7729946349298844
0.2,0,0.056543257010737515,0.03262425684282756,1.0,1.0,59,59,22108544.0,374721.0847457627,390539.0,409568.1,374515.3898305085,390487.0,409568.1,409598.0,-1.7434567429892625
0.2,8,0.05657414530263912,0.032645270335342015,1.0,1.0,59,59,22107751.0,374707.6440677966,390526.0,409568.1,374515.3898305085,390487.0,409568.1,409598.0,-1.7434258546973609
0.2,16,0.05660873030954293,0.03266908480458095,1.0,1.0,59,59,22106954.0,374694.13559322036,390504.0,409568.1,374515.3898305085,390487.0,409568.1,409598.0,-1.7433912696904572
0.2,24,0.05663758445021542,0.032688460819724166,1.0,1.0,59,59,22106356.0,374684.0,390487.0,409568.1,374515.3898305085,390487.0,409568.1,409598.0,-1.7433624155497847
0.2,32,0.056665038503885067,0.03270700922570362,1.0,1.0,59,59,22105574.0,374670.74576271186,390487.0,409568.1,374515.3898305085,390487.0,409568.1,409598.0,-1.7433349614961149
0.2,48,0.05671237429705457,0.032739448912585914,1.0,1.0,59,59,22104596.0,374654.16949152545,390487.0,409568.1,374515.3898305085,390487.0,409568.1,409598.0,-1.7432876257029455
0.22,0,0.10955611808340983,0.0705645972047348,1.0,1.0,59,59,18343819.0,310912.18644067796,323980.0,406013.6,302325.76271186443,316844.0,405830.8,407882.0,-1.6904438819165901
0.22,8,0.10964565268185739,0.07063764477861961,1.0,1.0,59,59,18341628.0,310875.0508474576,323886.0,406012.7,302325.76271186443,316844.0,405830.8,407882.0,-1.6903543473181426
0.22,16,0.10975035168355644,0.0707217271254714,1.0,1.0,59,59,18338801.0,310827.13559322036,323710.0,406012.7,302325.76271186443,316844.0,405830.8,407882.0,-1.6902496483164435
0.22,24,0.10984693587625366,0.07080223825727143,1.0,1.0,59,59,18336492.0,310788.0,323593.0,406010.8,302325.76271186443,316844.0,405830.8,407882.0,-1.6901530641237463
0.22,32,0.10994907659297176,0.07088765264989755,1.0,1.0,59,59,18334579.0,310755.57627118647,323481.0,406010.8,302325.76271186443,316844.0,405830.8,407882.0,-1.6900509234070282
0.22,48,0.11011558925593841,0.0710253158395598,1.0,1.0,59,59,18331281.0,310699.6779661017,323376.0,406010.8,302325.76271186443,316844.0,405830.8,407882.0,-1.6898844107440616
0.24,0,0.18024344365348302,0.12364796557865185,1.0,1.0,59,59,11686156.0,198070.4406779661,205661.0,374907.7,183112.5254237288,186548.0,371512.7,387444.0,-1.619756556346517
0.24,8,0.18058543246909112,0.12391837180148486,1.0,1.0,59,59,11677398.0,197922.0,205635.0,374894.5,183112.5254237288,186548.0,371512.7,387444.0,-1.6194145675309088
0.24,16,0.1810020829041027,0.12424309711480092,1.0,1.0,59,59,11664937.0,197710.7966101695,205584.0,374844.0,183112.5254237288,186548.0,371512.7,387444.0,-1.6189979170958972
0.24,24,0.18134834104164357,0.1245048318379537,1.0,1.0,59,59,11653748.0,197521.15254237287,205565.0,374840.1,183112.5254237288,186548.0,371512.7,387444.0,-1.6186516589583564
0.24,32,0.18167363355625574,0.12474455717617242,1.0,1.0,59,59,11643000.0,197338.98305084746,205565.0,374832.6,183112.5254237288,186548.0,371512.7,387444.0,-1.6183263664437444
0.24,48,0.1822593251413237,0.1251878576456361,1.0,1.0,59,59,11624705.0,197028.89830508476,205519.0,374747.7,183112.5254237288,186548.0,371512.7,387444.0,-1.6177406748586765
0.26,0,0.2450957018336493,0.1702018135227573,1.0,1.0,59,59,9051066.0,153407.89830508476,150397.0,323178.8,144302.81355932204,149807.0,320513.8,332426.0,-1.5549042981663508
0.26,8,0.24590502058918146,0.17083188803550273,1.0,1.0,59,59,9048754.0,153368.71186440677,150365.0,323149.5,144302.81355932204,149807.0,320513.8,332426.0,-1.5540949794108185
0.26,16,0.24648878023992415,0.17129963153522362,1.0,1.0,59,59,9046981.0,153338.66101694916,150329.0,323097.3,144302.81355932204,149807.0,320513.8,332426.0,-1.5535112197600758
0.26,24,0.24704151569229396,0.1717097786961301,1.0,1.0,59,59,9045008.0,153305.22033898305,150268.0,323038.3,144302.81355932204,149807.0,320513.8,332426.0,-1.552958484307706
0.26,32,0.24749259275441804,0.1720497302364554,1.0,1.0,59,59,9043330.0,153276.77966101695,150268.0,322959.1,144302.81355932204,149807.0,320513.8,332426.0,-1.552507407245582
0.26,48,0.2484357571516911,0.17277046437742002,1.0,1.0,59,59,9039794.0,153216.84745762713,150225.0,322861.0,144302.81355932204,149807.0,320513.8,332426.0,-1.551564242848309
0.28,0,0.2728935927044432,0.19315271671919812,1.0,1.0,59,59,8817652.0,149451.7288135593,146218.0,319122.3,141880.18644067796,146209.0,319114.8,330365.0,-1.527106407295557
0.28,8,0.27445025707441245,0.1943790092567536,1.0,1.0,59,59,8815670.0,149418.13559322033,146209.0,319114.8,141880.18644067796,146209.0,319114.8,330365.0,-1.5255497429255875
0.28,16,0.27561898421905184,0.19526864515060188,1.0,1.0,59,59,8814555.0,149399.2372881356,146209.0,319114.8,141880.18644067796,146209.0,319114.8,330365.0,-1.524381015780948
0.28,24,0.27673115700032525,0.1961679660073071,1.0,1.0,59,59,8813448.0,149380.4745762712,146209.0,319114.8,141880.18644067796,146209.0,319114.8,330365.0,-1.5232688429996748
0.28,32,0.27783366338513626,0.19706048134435258,1.0,1.0,59,59,8812256.0,149360.2711864407,146209.0,319114.8,141880.18644067796,146209.0,319114.8,330365.0,-1.522166336614864
0.28,48,0.27949005583878656,0.1983703703817093,1.0,1.0,59,59,8810572.0,149331.7288135593,146209.0,319114.8,141880.18644067796,146209.0,319114.8,330365.0,-1.5205099441612135
0.3,0,0.33225775123059775,0.23936221630428114,1.0,1.0,59,59,4931305.0,83581.44067796611,35203.0,285164.5,77771.98305084746,29276.0,267362.5999999999,323690.0,-1.4677422487694023
0.3,8,0.33386280942924956,0.2407164207672894,1.0,1.0,59,59,4927192.0,83511.72881355933,35170.0,285157.1,77771.98305084746,29276.0,267362.5999999999,323690.0,-1.4661371905707505
0.3,16,0.3354044504818795,0.24203880567389557,1.0,1.0,59,59,4922135.0,83426.01694915254,35109.0,285157.1,77771.98305084746,29276.0,267362.5999999999,323690.0,-1.4645955495181204
0.3,24,0.33653799524692474,0.24301191227455424,1.0,0.9830508474576272,59,58,4917644.0,83349.89830508475,35050.0,285141.8,77771.59322033898,29276.0,267362.5999999999,323690.0,-1.4295636996683296
0.3,32,0.3378504760724667,0.2441412989297384,1.0,0.9661016949152542,59,57,4914311.0,83293.40677966102,35023.0,285141.8,77771.10169491525,29276.0,267362.5999999999,323690.0,-1.3943529137580417
0.3,48,0.33981284158096514,0.24584511734949385,1.0,0.9491525423728814,59,56,4908252.0,83190.71186440678,34917.0,285141.8,77770.32203389831,29276.0,267362.5999999999,323690.0,-1.3584922431647977
0.32,0,0.3939299386320707,0.28408328623732526,1.0,0.9830508474576272,59,58,1320262.0,22377.322033898305,3474.0,108886.69999999997,18636.610169491527,1246.0,108505.69999999997,154313.0,-1.3721717562831837
0.32,8,0.3953712368759591,0.285188966159515,1.0,0.8983050847457628,59,53,1313272.0,22258.84745762712,3460.0,108879.19999999997,18636.254237288136,1246.0,108505.69999999997,154313.0,-1.2012389326155666
0.32,16,0.3963345196266675,0.28589104016650085,1.0,0.847457627118644,59,50,1304864.0,22116.338983050846,3451.0,108861.09999999998,18635.728813559323,1246.0,108505.69999999997,154313.0,-1.0985807346106207
0.32,24,0.39720816644999174,0.28655526243630913,1.0,0.8305084745762712,59,49,1297334.0,21988.71186440678,3391.0,108859.39999999998,18635.42372881356,1246.0,108505.69999999997,154313.0,-1.0638087827025506
0.32,32,0.39797487137336834,0.2870830793241004,1.0,0.8305084745762712,59,49,1289828.0,21861.491525423728,3364.0,108836.89999999998,18635.42372881356,1246.0,108505.69999999997,154313.0,-1.063042077779174
0.32,48,0.39962789563020223,0.28835755619797854,1.0,0.8305084745762712,59,49,1279328.0,21683.525423728814,3364.0,108832.79999999997,18635.42372881356,1246.0,108505.69999999997,154313.0,-1.0613890535223403
0.34,0,0.45257421236151196,0.32587106689906087,1.0,0.9152542372881356,59,54,149424.0,2532.6101694915255,1401.0,7731.099999999992,762.9661016949152,423.0,2419.6999999999985,3784.0,-1.1779342622147593
0.34,8,0.45428036954033263,0.327072418621571,1.0,0.847457627118644,59,50,145714.0,2469.728813559322,1325.0,7632.399999999992,762.8813559322034,423.0,2419.6999999999985,3784.0,-1.0406348846969555
0.34,16,0.4560845550006496,0.3283542322453943,1.0,0.8305084745762712,59,49,141454.0,2397.5254237288136,1270.0,7429.499999999993,762.7118644067797,423.0,2419.6999999999985,3784.0,-1.0049323941518928
0.34,24,0.4575322601218551,0.32937012800351284,1.0,0.8305084745762712,59,49,137415.0,2329.0677966101694,1270.0,7286.599999999992,762.7118644067797,423.0,2419.6999999999985,3784.0,-1.0034846890306874
0.34,32,0.45906032729599594,0.33050872831990813,1.0,0.8305084745762712,59,49,134485.0,2279.406779661017,1270.0,7207.499999999993,762.7118644067797,423.0,2419.6999999999985,3784.0,-1.0019566218565465
0.34,48,0.4616454540619344,0.33241783836503996,1.0,0.8305084745762712,59,49,128686.0,2181.1186440677966,1236.0,6903.399999999992,762.7118644067797,423.0,2419.6999999999985,3784.0,-0.9993714950906081
0.36,0,0.515111885586504,0.3738700760459141,1.0,0.847457627118644,59,50,45052.0,763.5932203389831,377.0,2191.8999999999996,315.77966101694915,202.0,1042.8999999999999,2380.0,-0.9798033686507841
0.36,8,0.5187649024211377,0.37672949906377273,1.0,0.7966101694915254,59,47,42057.0,712.8305084745763,312.0,2131.3999999999996,315.54237288135596,202.0,1042.8999999999999,2380.0,-0.8744554365619132
0.36,16,0.5222115590676991,0.37949100124530516,1.0,0.7966101694915254,59,47,39851.0,675.4406779661017,299.0,2083.4999999999995,315.54237288135596,202.0,1042.8999999999999,2380.0,-0.8710087799153517
0.36,24,0.5251519122733083,0.38191672352387884,1.0,0.7627118644067796,59,45,38383.0,650.5593220338983,299.0,2081.3999999999996,314.89830508474574,202.0,1042.8999999999999,2380.0,-0.800271816540251
0.36,32,0.527640236697321,0.384011614098462,1.0,0.7457627118644068,59,44,37059.0,628.1186440677966,299.0,2078.2999999999997,314.49152542372883,202.0,1042.8999999999999,2380.0,-0.7638851870314927
0.36,48,0.5313856219602578,0.3871298393640245,1.0,0.6949152542372882,59,41,35404.0,600.0677966101695,299.0,2053.6,312.7457627118644,202.0,1042.8999999999999,2380.0,-0.6584448865143185
0.38,0,0.5629949737775548,0.4142193419892478,1.0,0.7966101694915254,59,47,20458.0,346.7457627118644,158.0,989.1999999999996,196.88135593220338,48.0,773.6999999999988,2190.0,-0.8302253652054961
0.38,8,0.5667074811438536,0.4175345172742147,1.0,0.6949152542372882,59,41,18977.0,321.64406779661016,144.0,962.2999999999998,196.54237288135593,48.0,773.6999999999988,2190.0,-0.6231230273307228
0.38,16,0.5693071989204264,0.41991435710816444,1.0,0.6610169491525424,59,39,18116.0,307.0508474576271,132.0,944.6999999999999,196.20338983050848,48.0,773.6999999999988,2190.0,-0.5527266993846585
0.38,24,0.5709194498878956,0.4214553337450955,1.0,0.6101694915254238,59,36,17568.0,297.76271186440675,115.0,914.9999999999998,195.135593220339,48.0,773.6999999999988,2190.0,-0.449419533162952
0.38,32,0.5720267567390253,0.42249765051011906,1.0,0.5932203389830508,59,35,16903.0,286.49152542372883,87.0,869.0999999999995,194.64406779661016,48.0,773.6999999999988,2190.0,-0.41441392122707643
0.38,48,0.5742306604885624,0.4245117291643301,1.0,0.5084745762711864,59,30,15953.0,270.3898305084746,48.0,826.7999999999992,191.42372881355934,48.0,773.6999999999988,2190.0,-0.24271849205381046
0.4,0,0.5931315806650516,0.4424218886762801,1.0,0.6440677966101694,59,38,11490.0,194.74576271186442,39.0,744.499999999999,149.8135593220339,22.0,744.499999999999,2030.0,-0.49500401255528736
0.4,8,0.595932429004179,0.445104416001862,1.0,0.6101694915254238,59,36,10745.0,182.11864406779662,26.0,744.499999999999,149.72881355932202,22.0,744.499999999999,2030.0,-0.4244065540466686
0.4,16,0.597523575450227,0.44665530536126685,1.0,0.5254237288135594,59,31,10449.0,177.10169491525423,22.0,744.499999999999,148.64406779661016,22.0,744.499999999999,2030.0,-0.2533238821768917
0.4,24,0.5980490721649062,0.447176034366042,1.0,0.4745762711864407,59,28,10293.0,174.45762711864407,0.0,744.499999999999,147.5084745762712,0.0,744.499999999999,2030.0,-0.1511034702079751
0.4,32,0.5988328877820666,0.4479378983013761,1.0,0.423728813559322,59,25,9994.0,169.38983050847457,0.0,744.499999999999,146.08474576271186,0.0,744.499999999999,2030.0,-0.048624739336577516
0.4,48,0.6000048282267721,0.44910875958824026,1.0,0.3389830508474576,59,20,9684.0,164.135593220339,0.0,744.499999999999,142.6949152542373,0.0,744.499999999999,2030.0,0.12203872653185693
0.42,0,0.6104978800141327,0.4596758714184097,1.0,0.576271186440678,59,34,9100.0,154.23728813559322,4.0,725.3999999999992,129.77966101694915,4.0,725.3999999999992,1884.0,-0.34204449286722327
0.42,8,0.6108640385777974,0.46004753055019154,1.0,0.4406779661016949,59,26,9032.0,153.08474576271186,0.0,725.3999999999992,129.3728813559322,0.0,725.3999999999992,1884.0,-0.07049189362559238
0.42,16,0.6114361195716184,0.4606523594772041,1.0,0.3728813559322034,59,22,8939.0,151.5084745762712,0.0,725.3999999999992,128.61016949152543,0.0,725.3999999999992,1884.0,0.06567340770721153
0.42,24,0.6117117744937871,0.4609194949647331,1.0,0.3559322033898305,59,21,8869.0,150.32203389830508,0.0,725.3999999999992,128.33898305084745,0.0,725.3999999999992,1884.0,0.09984736771412617
0.42,32,0.6123942928781783,0.4616829480659113,1.0,0.3389830508474576,59,20,8845.0,149.91525423728814,0.0,725.3999999999992,127.9322033898305,0.0,725.3999999999992,1884.0,0.13442819118326305
0.42,48,0.6131870325915836,0.4626117580852471,1.0,0.3389830508474576,59,20,8845.0,149.91525423728814,0.0,725.3999999999992,127.9322033898305,0.0,725.3999999999992,1884.0,0.13522093089666837
0.44,0,0.6228175495099751,0.47239820170449554,1.0,0.423728813559322,59,25,8113.0,137.5084745762712,0.0,701.8999999999992,113.69491525423729,0.0,701.8999999999992,1512.0,-0.02464007760866893
0.44,8,0.6230073244496466,0.47261912630359015,1.0,0.3728813559322034,59,22,8093.0,137.16949152542372,0.0,701.8999999999992,113.55932203389831,0.0,701.8999999999992,1512.0,0.07724461258523974
0.44,16,0.6232668972966192,0.4728907732311145,1.0,0.3559322033898305,59,21,8070.0,136.77966101694915,0.0,701.8999999999992,113.42372881355932,0.0,701.8999999999992,1512.0,0.11140249051695827
0.44,24,0.6237328397292876,0.47335633705625507,1.0,0.3389830508474576,59,20,8052.0,136.47457627118644,0.0,701.8999999999992,113.11864406779661,0.0,701.8999999999992,1512.0,0.1457667380343724
0.44,32,0.6237633080898122,0.4735563314621574,1.0,0.3389830508474576,59,20,8024.0,136.0,0.0,701.8999999999992,113.11864406779661,0.0,701.8999999999992,1512.0,0.14579720639489696
0.44,48,0.6254262043022931,0.4751236252179599,1.0,0.3389830508474576,59,20,7983.0,135.3050847457627,0.0,701.8999999999992,113.11864406779661,0.0,701.8999999999992,1512.0,0.1474601026073779
0.46,0,0.6329153475709387,0.4830874979996262,1.0,0.3728813559322034,59,22,7376.0,125.01694915254237,0.0,679.0999999999992,105.01694915254237,0.0,679.0999999999992,1458.0,0.08715263570653187
0.46,8,0.6330789373077595,0.483262479294895,1.0,0.3559322033898305,59,21,7374.0,124.98305084745763,0.0,679.0999999999992,104.98305084745763,0.0,679.0999999999992,1458.0,0.12121453052809861
0.46,16,0.6330843774321714,0.4833467077960815,1.0,0.3389830508474576,59,20,7355.0,124.66101694915254,0.0,679.0999999999992,104.8135593220339,0.0,679.0999999999992,1458.0,0.15511827573725617
0.46,24,0.6334101839785173,0.4836795947579122,1.0,0.3389830508474576,59,20,7332.0,124.27118644067797,0.0,679.0999999999992,104.8135593220339,0.0,679.0999999999992,1458.0,0.15544408228360213
0.46,32,0.6340107990672091,0.4842519020672749,1.0,0.3220338983050847,59,19,7274.0,123.28813559322033,0.0,679.0999999999992,104.28813559322033,0.0,679.0999999999992,1458.0,0.1899430024570397
0.46,48,0.6349591864954844,0.48521674853197416,1.0,0.3220338983050847,59,19,7274.0,123.28813559322033,0.0,679.0999999999992,104.28813559322033,0.0,679.0999999999992,1458.0,0.190891389885315
0.48,0,0.6423909743868906,0.493167429341679,1.0,0.3559322033898305,59,21,6766.0,114.67796610169492,0.0,657.9999999999993,96.89830508474576,0.0,657.9999999999993,1401.0,0.1305265676072297
0.48,8,0.6424140496541103,0.4932183549228604,1.0,0.3389830508474576,59,20,6755.0,114.49152542372882,0.0,657.9999999999993,96.77966101694915,0.0,657.9999999999993,1401.0,0.1644479479591951
0.48,16,0.6426140752966684,0.49341852139406794,1.0,0.3389830508474576,59,20,6733.0,114.11864406779661,0.0,657.9999999999993,96.77966101694915,0.0,657.9999999999993,1401.0,0.16464797360175315
0.48,24,0.6432907924913632,0.49409810335923393,1.0,0.3220338983050847,59,19,6713.0,113.77966101694915,0.0,657.9999999999993,96.44067796610169,0.0,657.9999999999993,1401.0,0.1992229958811938
0.48,32,0.6436317819920364,0.4944410995885881,1.0,0.3220338983050847,59,19,6713.0,113.77966101694915,0.0,657.9999999999993,96.44067796610169,0.0,657.9999999999993,1401.0,0.19956398538186698
0.48,48,0.6440183481803907,0.49482620535071203,1.0,0.3050847457627119,59,18,6634.0,112.44067796610169,0.0,657.9999999999993,95.72881355932203,0.0,657.9999999999993,1401.0,0.23384885665496696
0.5,0,0.651296003151242,0.5027318450646587,1.0,0.3559322033898305,59,21,6213.0,105.30508474576271,0.0,647.3999999999994,89.57627118644068,0.0,647.3999999999994,1355.0,0.1394315963715811
0.5,8,0.651331322853315,0.5027664518788778,1.0,0.3220338983050847,59,19,6204.0,105.15254237288136,0.0,647.3999999999994,89.45762711864407,0.0,647.3999999999994,1355.0,0.20726352624314553
0.5,16,0.6517380204291049,0.503195821795243,1.0,0.3050847457627119,59,18,6189.0,104.89830508474576,0.0,647.3999999999994,89.20338983050847,0.0,647.3999999999994,1355.0,0.24156852890368113
0.5,24,0.6521084526326362,0.5035477338593467,1.0,0.3050847457627119,59,18,6189.0,104.89830508474576,0.0,647.3999999999994,89.20338983050847,0.0,647.3999999999994,1355.0,0.2419389611072124
0.5,32,0.6522685432499633,0.503733899297552,1.0,0.3050847457627119,59,18,6165.0,104.49152542372882,0.0,647.3999999999994,89.20338983050847,0.0,647.3999999999994,1355.0,0.24209905172453955
0.5,48,0.6526164261904234,0.5040870849980139,1.0,0.2542372881355932,59,15,5996.0,101.62711864406779,0.0,647.3999999999994,87.05084745762711,0.0,647.3999999999994,1355.0,0.34414184991923696
0.52,0,0.65978023265733,0.5119415019717488,1.0,0.3220338983050847,59,19,5740.0,97.28813559322033,0.0,634.9999999999995,83.10169491525424,0.0,634.9999999999995,1321.0,0.21571243604716056
0.52,8,0.6598297122631014,0.5119979784824161,1.0,0.288135593220339,59,17,5730.0,97.11864406779661,0.0,634.9999999999995,83.0,0.0,634.9999999999995,1321.0,0.2835585258224234
0.52,16,0.6601539274039423,0.512319198530453,1.0,0.288135593220339,59,17,5719.0,96.9322033898305,0.0,634.9999999999995,83.0,0.0,634.9999999999995,1321.0,0.2838827409632643
0.52,24,0.6603836607138566,0.512564021556261,1.0,0.288135593220339,59,17,5719.0,96.9322033898305,0.0,634.9999999999995,83.0,0.0,634.9999999999995,1321.0,0.2841124742731786
0.52,32,0.6605567899444781,0.5127300894895493,1.0,0.2542372881355932,59,15,5630.0,95.42372881355932,0.0,634.9999999999995,82.01694915254237,0.0,634.9999999999995,1321.0,0.3520822136732917
0.52,48,0.6609900604853823,0.5132417448375362,1.0,0.22033898305084745,59,13,5555.0,94.15254237288136,0.0,634.9999999999995,80.7457627118644,0.0,634.9999999999995,1321.0,0.42031209438368744
0.54,0,0.6676827358748306,0.5206526081731075,1.0,0.288135593220339,59,17,5325.0,90.2542372881356,0.0,617.8999999999995,77.72881355932203,0.0,617.8999999999995,1275.0,0.29141154943415265
0.54,8,0.6678059099655081,0.5207808792825521,1.0,0.288135593220339,59,17,5325.0,90.2542372881356,0.0,617.8999999999995,77.72881355932203,0.0,617.8999999999995,1275.0,0.2915347235248302
0.54,16,0.6679817248636869,0.5209602153464009,1.0,0.288135593220339,59,17,5325.0,90.2542372881356,0.0,617.8999999999995,77.72881355932203,0.0,617.8999999999995,1275.0,0.2917105384230089
0.54,24,0.6681850739165617,0.521176911617247,1.0,0.2542372881355932,59,15,5264.0,89.22033898305085,0.0,617.8999999999995,77.05084745762711,0.0,617.8999999999995,1275.0,0.35971049764537527
0.54,32,0.6683077201973515,0.5213323959883908,1.0,0.22033898305084745,59,13,5207.0,88.2542372881356,0.0,617.8999999999995,76.08474576271186,0.0,617.8999999999995,1275.0,0.4276297540956566
0.54,48,0.6695768422892577,0.5227100796653015,1.0,0.1864406779661017,59,11,5121.0,86.79661016949153,0.0,617.8999999999995,74.62711864406779,0.0,617.8999999999995,1275.0,0.49669548635705435
0.56,0,0.6753059600835172,0.5291335615708156,1.0,0.288135593220339,59,17,4964.0,84.13559322033899,0.0,602.3999999999996,72.67796610169492,0.0,602.3999999999996,1239.0,0.2990347736428392
0.56,8,0.6753571041265923,0.5291849307208792,1.0,0.2711864406779661,59,16,4956.0,84.0,0.0,602.3999999999996,72.59322033898304,0.0,602.3999999999996,1239.0,0.33298422277066014
0.56,16,0.675636292735371,0.5295119587160855,1.0,0.23728813559322035,59,14,4917.0,83.33898305084746,0.0,602.3999999999996,72.13559322033899,0.0,602.3999999999996,1239.0,0.4010600215489303
0.56,24,0.6759000394549213,0.5298155317434792,1.0,0.2033898305084746,59,12,4879.0,82.69491525423729,0.0,602.3999999999996,71.49152542372882,0.0,602.3999999999996,1239.0,0.4691203784379721
0.56,32,0.6762918211051308,0.5302378443675968,1.0,0.2033898305084746,59,12,4879.0,82.69491525423729,0.0,602.3999999999996,71.49152542372882,0.0,602.3999999999996,1239.0,0.4695121600881816
0.56,48,0.6771278005626763,0.5310944579307347,1.0,0.15254237288135594,59,9,4721.0,80.01694915254237,0.0,602.3999999999996,69.54237288135593,0.0,602.3999999999996,1239.0,0.5720430547999644
0.58,0,0.6825396905418449,0.5372859226291823,1.0,0.2711864406779661,59,16,4590.0,77.79661016949153,0.0,578.0999999999996,67.59322033898304,0.0,578.0999999999996,1188.0,0.34016680918591274
0.58,8,0.6826588458343213,0.5374188775705583,1.0,0.22033898305084745,59,13,4573.0,77.50847457627118,0.0,578.0999999999996,67.33898305084746,0.0,578.0999999999996,1188.0,0.44198087973262645
0.58,16,0.6829272298725174,0.5377025308944551,1.0,0.2033898305084746,59,12,4561.0,77.30508474576271,0.0,578.0999999999996,67.13559322033899,0.0,578.0999999999996,1188.0,0.47614756885556825
0.58,24,0.6830510083240459,0.5378291006089657,1.0,0.1864406779661017,59,11,4521.0,76.62711864406779,0.0,578.0999999999996,66.79661016949153,0.0,578.0999999999996,1188.0,0.5101696523918424
0.58,32,0.6832531932629864,0.538046549534775,1.0,0.15254237288135594,59,9,4465.0,75.67796610169492,0.0,578.0999999999996,65.84745762711864,0.0,578.0999999999996,1188.0,0.5781684475002745
0.58,48,0.6839188636749969,0.5388297574438157,1.0,0.15254237288135594,59,9,4465.0,75.67796610169492,0.0,578.0999999999996,65.84745762711864,0.0,578.0999999999996,1188.0,0.578834117912285
0.6,0,0.6898266475617799,0.5456018232071445,1.0,0.22033898305084745,59,13,4271.0,72.38983050847457,0.0,554.4999999999997,63.16949152542373,0.0,554.4999999999997,1152.0,0.449148681460085
0.6,8,0.6899305517720093,0.545711775695228,1.0,0.22033898305084745,59,13,4271.0,72.38983050847457,0.0,554.4999999999997,63.16949152542373,0.0,554.4999999999997,1152.0,0.44925258567031445
0.6,16,0.6899797617656398,0.54580086168002,1.0,0.1694915254237288,59,10,4239.0,71.84745762711864,0.0,554.4999999999997,62.6271186440678,0.0,554.4999999999997,1152.0,0.5509967109181821
0.6,24,0.6901902565115413,0.5460154552499765,1.0,0.13559322033898305,59,8,4201.0,71.20338983050847,0.0,554.4999999999997,61.983050847457626,0.0,554.4999999999997,1152.0,0.6190038158335752
0.6,32,0.6905164629376184,0.5463481811457744,1.0,0.13559322033898305,59,8,4201.0,71.20338983050847,0.0,554.4999999999997,61.983050847457626,0.0,554.4999999999997,1152.0,0.6193300222596523
0.6,48,0.6915955845702512,0.5476447199492983,1.0,0.13559322033898305,59,8,4201.0,71.20338983050847,0.0,554.4999999999997,61.983050847457626,0.0,554.4999999999997,1152.0,0.6204091438922851
0.62,0,0.6967417645095515,0.5535287150758741,1.0,0.1864406779661017,59,11,4013.0,68.01694915254237,0.0,545.2999999999997,59.40677966101695,0.0,545.2999999999997,1110.0,0.5238604085773482
0.62,8,0.6968033883547011,0.5535975194021636,1.0,0.15254237288135594,59,9,4007.0,67.91525423728814,0.0,545.2999999999997,59.30508474576271,0.0,545.2999999999997,1110.0,0.5917186425919893
0.62,16,0.6968646989207014,0.5536603169407471,1.0,0.13559322033898305,59,8,3999.0,67.77966101694915,0.0,545.2999999999997,59.16949152542373,0.0,545.2999999999997,1110.0,0.6256782582427353
0.62,24,0.6973100859865606,0.5541609756801913,1.0,0.13559322033898305,59,8,3999.0,67.77966101694915,0.0,545.2999999999997,59.16949152542373,0.0,545.2999999999997,1110.0,0.6261236453085945
0.62,32,0.6974545565639332,0.5543197406188856,1.0,0.13559322033898305,59,8,3999.0,67.77966101694915,0.0,545.2999999999997,59.16949152542373,0.0,545.2999999999997,1110.0,0.6262681158859671
0.62,48,0.6983407104422579,0.555394687194092,1.0,0.11864406779661017,59,7,3955.0,67.03389830508475,0.0,545.2999999999997,58.42372881355932,0.0,545.2999999999997,1110.0,0.6610525748490376
0.64,0,0.7033763415061965,0.5613023306888748,1.0,0.13559322033898305,59,8,3772.0,63.932203389830505,0.0,526.3999999999999,55.94915254237288,0.0,526.3999999999999,1068.0,0.6321899008282305
0.64,8,0.7034000372775091,0.5613320089794707,1.0,0.13559322033898305,59,8,3772.0,63.932203389830505,0.0,526.3999999999999,55.94915254237288,0.0,526.3999999999999,1068.0,0.632213596599543
0.64,16,0.7035732003321982,0.561530011718194,1.0,0.13559322033898305,59,8,3772.0,63.932203389830505,0.0,526.3999999999999,55.94915254237288,0.0,526.3999999999999,1068.0,0.6323867596542321
0.64,24,0.7037145690470452,0.5617135247602664,1.0,0.13559322033898305,59,8,3772.0,63.932203389830505,0.0,526.3999999999999,55.94915254237288,0.0,526.3999999999999,1068.0,0.6325281283690791
0.64,32,0.7041823420035366,0.5623257437696969,1.0,0.11864406779661017,59,7,3743.0,63.440677966101696,0.0,526.3999999999999,55.45762711864407,0.0,526.3999999999999,1068.0,0.6668942064103163
0.64,48,0.7047907149985618,0.5629508681841621,1.0,0.11864406779661017,59,7,3743.0,63.440677966101696,0.0,526.3999999999999,55.45762711864407,0.0,526.3999999999999,1068.0,0.6675025794053415
0.66,0,0.7097659590684937,0.56886306097942,1.0,0.13559322033898305,59,8,3510.0,59.49152542372882,0.0,509.3999999999999,52.186440677966104,0.0,509.3999999999999,1018.0,0.6385795183905276
0.66,8,0.7098290890437814,0.5689398403898936,1.0,0.13559322033898305,59,8,3510.0,59.49152542372882,0.0,509.3999999999999,52.186440677966104,0.0,509.3999999999999,1018.0,0.6386426483658153
0.66,16,0.7099365667788694,0.5690756312534448,1.0,0.11864406779661017,59,7,3497.0,59.271186440677965,0.0,509.3999999999999,51.96610169491525,0.0,509.3999999999999,1018.0,0.6726484311856491
0.66,24,0.710000946350361,0.5691641248994731,1.0,0.11864406779661017,59,7,3497.0,59.271186440677965,0.0,509.3999999999999,51.96610169491525,0.0,509.3999999999999,1018.0,0.6727128107571407
0.66,32,0.7106200551680969,0.5699242402498531,1.0,0.11864406779661017,59,7,3497.0,59.271186440677965,0.0,509.3999999999999,51.96610169491525,0.0,509.3999999999999,1018.0,0.6733319195748766
0.66,48,0.7110577615758435,0.5704171310317188,1.0,0.11864406779661017,59,7,3497.0,59.271186440677965,0.0,509.3999999999999,51.96610169491525,0.0,509.3999999999999,1018.0,0.6737696259826232
0.68,0,0.7162625869483444,0.5766430329750776,1.0,0.13559322033898305,59,8,3260.0,55.25423728813559,0.0,482.9,48.54237288135593,0.0,474.79999999999995,963.0,0.6450761462703783
0.68,8,0.7162779286602192,0.5766746781245501,1.0,0.11864406779661017,59,7,3254.0,55.152542372881356,0.0,482.9,48.440677966101696,0.0,474.79999999999995,963.0,0.6789897930669989
0.68,16,0.7163888795535961,0.576805472723986,1.0,0.11864406779661017,59,7,3254.0,55.152542372881356,0.0,482.9,48.440677966101696,0.0,474.79999999999995,963.0,0.6791007439603758
0.68,24,0.7168580796342864,0.5773887074050349,1.0,0.11864406779661017,59,7,3254.0,55.152542372881356,0.0,482.9,48.440677966101696,0.0,474.79999999999995,963.0,0.6795699440410661
0.68,32,0.7172162701033187,0.5777848766208059,1.0,0.11864406779661017,59,7,3254.0,55.152542372881356,0.0,482.9,48.440677966101696,0.0,474.79999999999995,963.0,0.6799281345100984
0.68,48,0.7179612140324709,0.5787146072227232,1.0,0.11864406779661017,59,7,3254.0,55.152542372881356,0.0,482.9,48.440677966101696,0.0,474.79999999999995,963.0,0.6806730784392506
0.7,0,0.7226125330448764,0.5842832415977308,1.0,0.11864406779661017,59,7,2987.0,50.6271186440678,0.0,454.19999999999993,44.610169491525426,0.0,398.0999999999997,924.0,0.6853243974516561
0.7,8,0.7226482840807111,0.5843241306564786,1.0,0.11864406779661017,59,7,2987.0,50.6271186440678,0.0,454.19999999999993,44.610169491525426,0.0,398.0999999999997,924.0,0.6853601484874908
0.7,16,0.7230519084564492,0.5848230593338964,1.0,0.11864406779661017,59,7,2987.0,50.6271186440678,0.0,454.19999999999993,44.610169491525426,0.0,398.0999999999997,924.0,0.6857637728632289
0.7,24,0.7231865861157378,0.5849872823607773,1.0,0.11864406779661017,59,7,2987.0,50.6271186440678,0.0,454.19999999999993,44.610169491525426,0.0,398.0999999999997,924.0,0.6858984505225175
0.7,32,0.7232616754488245,0.5850921259350289,1.0,0.11864406779661017,59,7,2987.0,50.6271186440678,0.0,454.19999999999993,44.610169491525426,0.0,398.0999999999997,924.0,0.6859735398556042
0.7,48,0.7243787285805757,0.5864010401542609,1.0,0.11864406779661017,59,7,2987.0,50.6271186440678,0.0,454.19999999999993,44.610169491525426,0.0,398.0999999999997,924.0,0.6870905929873554
0.72,0,0.7287049202975372,0.5918067776920766,1.0,0.11864406779661017,59,7,2710.0,45.932203389830505,0.0,411.4999999999998,40.728813559322035,0.0,353.0999999999997,864.0,0.6914167847043169
0.72,8,0.728758508636805,0.5918760242426903,1.0,0.11864406779661017,59,7,2710.0,45.932203389830505,0.0,411.4999999999998,40.728813559322035,0.0,353.0999999999997,864.0,0.6914703730435847
0.72,16,0.7289490772537416,0.5921274894380616,1.0,0.11864406779661017,59,7,2710.0,45.932203389830505,0.0,411.4999999999998,40.728813559322035,0.0,353.0999999999997,864.0,0.6916609416605213
0.72,24,0.7293393301670752,0.5925525369771085,1.0,0.11864406779661017,59,7,2710.0,45.932203389830505,0.0,411.4999999999998,40.728813559322035,0.0,353.0999999999997,864.0,0.6920511945738549
0.72,32,0.7296118042571941,0.5928825683223926,1.0,0.11864406779661017,59,7,2710.0,45.932203389830505,0.0,411.4999999999998,40.728813559322035,0.0,353.0999999999997,864.0,0.6923236686639738
0.72,48,0.7301534852038428,0.5935081405673498,1.0,0.11864406779661017,59,7,2710.0,45.932203389830505,0.0,411.4999999999998,40.728813559322035,0.0,353.0999999999997,864.0,0.6928653496106225
0.74,0,0.7339799472776353,0.5984353273787186,1.0,0.11864406779661017,59,7,2411.0,40.86440677966102,0.0,358.99999999999994,33.74576271186441,0.0,198.89999999999944,811.0,0.696691811684415
0.74,8,0.7340768304410269,0.5985563257191271,1.0,0.11864406779661017,59,7,2411.0,40.86440677966102,0.0,358.99999999999994,33.74576271186441,0.0,198.89999999999944,811.0,0.6967886948478066
0.74,16,0.7342518248581615,0.5987780731540213,1.0,0.11864406779661017,59,7,2411.0,40.86440677966102,0.0,358.99999999999994,33.74576271186441,0.0,198.89999999999944,811.0,0.6969636892649412
0.74,24,0.7344814319848285,0.5990428932713733,1.0,0.11864406779661017,59,7,2411.0,40.86440677966102,0.0,358.99999999999994,33.74576271186441,0.0,198.89999999999944,811.0,0.6971932963916082
0.74,32,0.7346916961668131,0.5992624633663708,1.0,0.11864406779661017,59,7,2411.0,40.86440677966102,0.0,358.99999999999994,33.74576271186441,0.0,198.89999999999944,811.0,0.6974035605735928
0.74,48,0.734997232140517,0.5996284394933313,1.0,0.1016949152542373,59,6,2375.0,40.25423728813559,0.0,358.99999999999994,33.13559322033898,0.0,198.89999999999944,811.0,0.7316074016320424
0.76,0,0.7392217701950182,0.6052425749902431,1.0,0.11864406779661017,59,7,2131.0,36.11864406779661,0.0,300.29999999999984,30.1864406779661,0.0,178.39999999999964,752.0,0.7019336346017979
0.76,8,0.7393037051121797,0.605346108384972,1.0,0.1016949152542373,59,6,2130.0,36.101694915254235,0.0,300.29999999999984,30.16949152542373,0.0,178.39999999999964,752.0,0.735913874603705
0.76,16,0.7394184313257122,0.6054752915731293,1.0,0.1016949152542373,59,6,2130.0,36.101694915254235,0.0,300.29999999999984,30.16949152542373,0.0,178.39999999999964,752.0,0.7360286008172376
0.76,24,0.739685751926868,0.6057761491049836,1.0,0.1016949152542373,59,6,2130.0,36.101694915254235,0.0,300.29999999999984,30.16949152542373,0.0,178.39999999999964,752.0,0.7362959214183935
0.76,32,0.739874121936532,0.6060312700799568,1.0,0.1016949152542373,59,6,2130.0,36.101694915254235,0.0,300.29999999999984,30.16949152542373,0.0,178.39999999999964,752.0,0.7364842914280574
0.76,48,0.737234993871995,0.6042606068411088,0.995260663507109,0.1016949152542373,59,6,2130.0,36.101694915254235,0.0,300.29999999999984,30.16949152542373,0.0,178.39999999999964,752.0,0.7338451633635203
0.78,0,0.74416270613023,0.6117137785062912,1.0,0.1016949152542373,59,6,1903.0,32.25423728813559,0.0,240.59999999999974,27.322033898305083,0.0,151.59999999999974,692.0,0.7407728756217553
0.78,8,0.7442161447052638,0.6117807902508349,1.0,0.1016949152542373,59,6,1903.0,32.25423728813559,0.0,240.59999999999974,27.322033898305083,0.0,151.59999999999974,692.0,0.7408263141967892
0.78,16,0.7443661762447549,0.6119338006289923,1.0,0.1016949152542373,59,6,1903.0,32.25423728813559,0.0,240.59999999999974,27.322033898305083,0.0,151.59999999999974,692.0,0.7409763457362804
0.78,24,0.7444757349630141,0.6120725268956416,1.0,0.1016949152542373,59,6,1903.0,32.25423728813559,0.0,240.59999999999974,27.322033898305083,0.0,151.59999999999974,692.0,0.7410859044545395
0.78,32,0.7447092871988037,0.6124447964991622,1.0,0.1016949152542373,59,6,1903.0,32.25423728813559,0.0,240.59999999999974,27.322033898305083,0.0,151.59999999999974,692.0,0.7413194566903292
0.78,48,0.7425326061016836,0.6111012147071113,0.995260663507109,0.1016949152542373,59,6,1860.0,31.52542372881356,0.0,201.8999999999995,27.322033898305083,0.0,151.59999999999974,692.0,0.739142775593209
0.8,0,0.7489234004066606,0.6181407378109953,1.0,0.1016949152542373,59,6,1624.0,27.52542372881356,0.0,178.49999999999963,23.610169491525422,0.0,127.29999999999987,611.0,0.745533569898186
0.8,8,0.7489628067391999,0.6181854730193794,1.0,0.1016949152542373,59,6,1624.0,27.52542372881356,0.0,178.49999999999963,23.610169491525422,0.0,127.29999999999987,611.0,0.7455729762307253
0.8,16,0.7490761093769863,0.6183351300374942,1.0,0.1016949152542373,59,6,1624.0,27.52542372881356,0.0,178.49999999999963,23.610169491525422,0.0,127.29999999999987,611.0,0.7456862788685117
0.8,24,0.7490546751225451,0.6183946978008276,1.0,0.1016949152542373,59,6,1624.0,27.52542372881356,0.0,178.49999999999963,23.610169491525422,0.0,127.29999999999987,611.0,0.7456648446140706
0.8,32,0.7470928782540343,0.6171675885217456,0.995260663507109,0.1016949152542373,59,6,1600.0,27.11864406779661,0.0,156.8999999999995,23.610169491525422,0.0,127.29999999999987,611.0,0.7437030477455597
0.8,48,0.7479895460527833,0.6183729753686769,0.995260663507109,0.0847457627118644,59,5,1565.0,26.52542372881356,0.0,156.8999999999995,23.016949152542374,0.0,127.29999999999987,611.0,0.7479895460527833
0.82,0,0.7531485318519207,0.6242426157058979,1.0,0.1016949152542373,59,6,1366.0,23.152542372881356,0.0,116.49999999999952,20.305084745762713,0.0,99.89999999999995,541.0,0.7497587013434461
0.82,8,0.7531772334324037,0.6242932852821085,1.0,0.1016949152542373,59,6,1360.0,23.050847457627118,0.0,116.49999999999952,20.305084745762713,0.0,99.89999999999995,541.0,0.7497874029239291
0.82,16,0.7532158488970867,0.6243817813429516,1.0,0.1016949152542373,59,6,1360.0,23.050847457627118,0.0,116.49999999999952,20.305084745762713,0.0,99.89999999999995,541.0,0.7498260183886121
0.82,24,0.75175524892947,0.6235870123428588,0.995260663507109,0.1016949152542373,59,6,1360.0,23.050847457627118,0.0,116.49999999999952,20.305084745762713,0.0,99.89999999999995,541.0,0.7483654184209954
0.82,32,0.7519414888059422,0.6237928571173137,0.995260663507109,0.0847457627118644,59,5,1334.0,22.610169491525422,0.0,116.49999999999952,19.864406779661017,0.0,99.89999999999995,541.0,0.7519414888059422
0.82,48,0.7499639359530855,0.6228132386584941,0.990521327014218,0.0847457627118644,59,5,1334.0,22.610169491525422,0.0,116.49999999999952,19.864406779661017,0.0,99.89999999999995,541.0,0.7499639359530855
0.84,0,0.7562469307702834,0.6291107062607256,1.0,0.1016949152542373,59,6,1107.0,18.76271186440678,0.0,96.89999999999966,16.661016949152543,0.0,79.29999999999993,444.0,0.7528571002618087
0.84,8,0.7562932792773398,0.6291684491716732,1.0,0.1016949152542373,59,6,1107.0,18.76271186440678,0.0,96.89999999999966,16.661016949152543,0.0,79.29999999999993,444.0,0.7529034487688653
0.84,16,0.7564067336386493,0.6293061982837127,1.0,0.1016949152542373,59,6,1107.0,18.76271186440678,0.0,96.89999999999966,16.661016949152543,0.0,79.29999999999993,444.0,0.7530169031301748
0.84,24,0.7554370200488505,0.6290072384761305,0.995260663507109,0.0847457627118644,59,5,1090.0,18.47457627118644,0.0,96.89999999999966,16.372881355932204,0.0,79.29999999999993,444.0,0.7554370200488505
0.84,32,0.7555454786689486,0.6291443843715594,0.995260663507109,0.0847457627118644,59,5,1090.0,18.47457627118644,0.0,96.89999999999966,16.372881355932204,0.0,79.29999999999993,444.0,0.7555454786689486
0.84,48,0.751158020826345,0.6264687084732571,0.985781990521327,0.0847457627118644,59,5,1090.0,18.47457627118644,0.0,96.89999999999966,16.372881355932204,0.0,79.29999999999993,444.0,0.751158020826345
0.86,0,0.7591808351913583,0.633928346675048,1.0,0.1016949152542373,59,6,807.0,13.677966101694915,0.0,72.19999999999976,11.59322033898305,0.0,56.299999999999926,265.0,0.7557910046828837
0.86,8,0.759200588194886,0.6339470533216037,1.0,0.0847457627118644,59,5,801.0,13.576271186440678,0.0,72.19999999999976,11.491525423728813,0.0,56.299999999999926,265.0,0.759200588194886
0.86,16,0.7586151999456852,0.6337171002421604,0.995260663507109,0.0847457627118644,59,5,801.0,13.576271186440678,0.0,72.19999999999976,11.491525423728813,0.0,56.299999999999926,265.0,0.7586151999456852
0.86,24,0.7587733004514797,0.6339097922821666,0.995260663507109,0.0847457627118644,59,5,801.0,13.576271186440678,0.0,72.19999999999976,11.491525423728813,0.0,56.299999999999926,265.0,0.7587733004514797
0.86,32,0.7591950497464559,0.6344168523483265,0.995260663507109,0.06779661016949153,59,4,746.0,12.64406779661017,0.0,72.19999999999976,11.067796610169491,0.0,56.299999999999926,265.0,0.7591950497464559
0.86,48,0.755563035268892,0.6325123142032808,0.985781990521327,0.06779661016949153,59,4,708.0,12.0,0.0,72.19999999999976,11.067796610169491,0.0,56.299999999999926,265.0,0.755563035268892
0.88,0,0.761137997099442,0.637836490062741,1.0,0.0847457627118644,59,5,508.0,8.610169491525424,0.0,44.7999999999999,7.47457627118644,0.0,32.19999999999993,229.0,0.761137997099442
0.88,8,0.761031631016514,0.6378335507603626,0.995260663507109,0.06779661016949153,59,4,501.0,8.491525423728813,0.0,44.7999999999999,7.440677966101695,0.0,32.19999999999993,229.0,0.761031631016514
0.88,16,0.7611380395486248,0.6379376088025152,0.995260663507109,0.06779661016949153,59,4,501.0,8.491525423728813,0.0,44.7999999999999,7.440677966101695,0.0,32.19999999999993,229.0,0.7611380395486248
0.88,24,0.7597161245974366,0.6372466423280114,0.990521327014218,0.06779661016949153,59,4,501.0,8.491525423728813,0.0,44.7999999999999,7.440677966101695,0.0,32.19999999999993,229.0,0.7597161245974366
0.88,32,0.7579647614293825,0.6363411363171534,0.985781990521327,0.05084745762711865,59,3,440.0,7.4576271186440675,0.0,4.299999999999756,6.915254237288136,0.0,4.299999999999756,229.0,0.7579647614293825
0.88,48,0.7531479604056748,0.6332510957073343,0.976303317535545,0.03389830508474576,59,2,365.0,6.186440677966102,0.0,0.0,6.186440677966102,0.0,0.0,229.0,0.7531479604056748
0.9,0,0.7595872935515597,0.638500570621599,0.990521327014218,0.06779661016949153,59,4,310.0,5.254237288135593,0.0,11.299999999999983,5.169491525423729,0.0,6.7999999999999545,191.0,0.7595872935515597
0.9,8,0.7595911080616733,0.6385258919703929,0.990521327014218,0.05084745762711865,59,3,299.0,5.067796610169491,0.0,1.3999999999999204,5.067796610169491,0.0,1.3999999999999204,191.0,0.7595911080616733
0.9,16,0.7583937176956028,0.6379337540050152,0.985781990521327,0.03389830508474576,59,2,285.0,4.830508474576271,0.0,0.0,4.830508474576271,0.0,0.0,191.0,0.7583937176956028
0.9,24,0.7586863064980994,0.6383342067983105,0.985781990521327,0.03389830508474576,59,2,285.0,4.830508474576271,0.0,0.0,4.830508474576271,0.0,0.0,191.0,0.7586863064980994
0.9,32,0.7587454144909405,0.6383968464429239,0.985781990521327,0.03389830508474576,59,2,285.0,4.830508474576271,0.0,0.0,4.830508474576271,0.0,0.0,191.0,0.7587454144909405
0.9,48,0.7544291843393139,0.6356644815845838,0.976303317535545,0.03389830508474576,59,2,285.0,4.830508474576271,0.0,0.0,4.830508474576271,0.0,0.0,191.0,0.7544291843393139
