2026/05/16 04:37:41.409, 0, NVIDIA A100-SXM4-80GB, 0, 81920, 0
2026/05/16 04:37:41.410, 1, NVIDIA A100-SXM4-80GB, 0, 81920, 0
2026/05/16 04:37:41.411, 2, NVIDIA A100-SXM4-80GB, 0, 81920, 0
2026/05/16 04:37:41.412, 3, NVIDIA A100-SXM4-80GB, 0, 81920, 0
2026/05/16 04:38:11.415, 0, NVIDIA A100-SXM4-80GB, 50853, 81920, 100
2026/05/16 04:38:11.415, 1, NVIDIA A100-SXM4-80GB, 50937, 81920, 78
2026/05/16 04:38:11.415, 2, NVIDIA A100-SXM4-80GB, 50923, 81920, 100
2026/05/16 04:38:11.415, 3, NVIDIA A100-SXM4-80GB, 50851, 81920, 100
2026/05/16 04:38:41.416, 0, NVIDIA A100-SXM4-80GB, 50857, 81920, 0
2026/05/16 04:38:41.416, 1, NVIDIA A100-SXM4-80GB, 50939, 81920, 0
2026/05/16 04:38:41.416, 2, NVIDIA A100-SXM4-80GB, 50925, 81920, 0
2026/05/16 04:38:41.416, 3, NVIDIA A100-SXM4-80GB, 50853, 81920, 0
2026/05/16 04:39:11.417, 0, NVIDIA A100-SXM4-80GB, 50857, 81920, 99
2026/05/16 04:39:11.417, 1, NVIDIA A100-SXM4-80GB, 50939, 81920, 100
2026/05/16 04:39:11.417, 2, NVIDIA A100-SXM4-80GB, 50925, 81920, 100
2026/05/16 04:39:11.417, 3, NVIDIA A100-SXM4-80GB, 50853, 81920, 100
2026/05/16 04:39:41.417, 0, NVIDIA A100-SXM4-80GB, 50859, 81920, 0
2026/05/16 04:39:41.417, 1, NVIDIA A100-SXM4-80GB, 50939, 81920, 0
2026/05/16 04:39:41.417, 2, NVIDIA A100-SXM4-80GB, 50925, 81920, 0
2026/05/16 04:39:41.417, 3, NVIDIA A100-SXM4-80GB, 50853, 81920, 0
2026/05/16 04:40:11.418, 0, NVIDIA A100-SXM4-80GB, 50863, 81920, 23
2026/05/16 04:40:11.418, 1, NVIDIA A100-SXM4-80GB, 50939, 81920, 0
2026/05/16 04:40:11.418, 2, NVIDIA A100-SXM4-80GB, 50925, 81920, 0
2026/05/16 04:40:11.418, 3, NVIDIA A100-SXM4-80GB, 50853, 81920, 0
2026/05/16 04:40:41.419, 0, NVIDIA A100-SXM4-80GB, 50875, 81920, 0
2026/05/16 04:40:41.419, 1, NVIDIA A100-SXM4-80GB, 50939, 81920, 0
2026/05/16 04:40:41.419, 2, NVIDIA A100-SXM4-80GB, 50925, 81920, 0
2026/05/16 04:40:41.419, 3, NVIDIA A100-SXM4-80GB, 50853, 81920, 0
2026/05/16 04:41:11.420, 0, NVIDIA A100-SXM4-80GB, 50875, 81920, 100
2026/05/16 04:41:11.420, 1, NVIDIA A100-SXM4-80GB, 50939, 81920, 100
2026/05/16 04:41:11.420, 2, NVIDIA A100-SXM4-80GB, 50925, 81920, 100
2026/05/16 04:41:11.420, 3, NVIDIA A100-SXM4-80GB, 50853, 81920, 100
2026/05/16 04:41:41.420, 0, NVIDIA A100-SXM4-80GB, 50875, 81920, 100
2026/05/16 04:41:41.420, 1, NVIDIA A100-SXM4-80GB, 50939, 81920, 100
2026/05/16 04:41:41.420, 2, NVIDIA A100-SXM4-80GB, 50925, 81920, 99
2026/05/16 04:41:41.420, 3, NVIDIA A100-SXM4-80GB, 50853, 81920, 100
2026/05/16 04:42:11.422, 0, NVIDIA A100-SXM4-80GB, 50875, 81920, 0
2026/05/16 04:42:11.422, 1, NVIDIA A100-SXM4-80GB, 50939, 81920, 0
2026/05/16 04:42:11.422, 2, NVIDIA A100-SXM4-80GB, 50925, 81920, 0
2026/05/16 04:42:11.422, 3, NVIDIA A100-SXM4-80GB, 50853, 81920, 0
2026/05/16 04:42:41.423, 0, NVIDIA A100-SXM4-80GB, 50875, 81920, 99
2026/05/16 04:42:41.423, 1, NVIDIA A100-SXM4-80GB, 50939, 81920, 99
2026/05/16 04:42:41.423, 2, NVIDIA A100-SXM4-80GB, 50925, 81920, 99
2026/05/16 04:42:41.423, 3, NVIDIA A100-SXM4-80GB, 50853, 81920, 100
2026/05/16 04:43:11.424, 0, NVIDIA A100-SXM4-80GB, 50875, 81920, 0
2026/05/16 04:43:11.424, 1, NVIDIA A100-SXM4-80GB, 50939, 81920, 0
2026/05/16 04:43:11.424, 2, NVIDIA A100-SXM4-80GB, 50925, 81920, 0
2026/05/16 04:43:11.425, 3, NVIDIA A100-SXM4-80GB, 50853, 81920, 0
2026/05/16 04:43:41.426, 0, NVIDIA A100-SXM4-80GB, 50875, 81920, 3
2026/05/16 04:43:41.426, 1, NVIDIA A100-SXM4-80GB, 50939, 81920, 0
2026/05/16 04:43:41.426, 2, NVIDIA A100-SXM4-80GB, 50925, 81920, 0
2026/05/16 04:43:41.426, 3, NVIDIA A100-SXM4-80GB, 50853, 81920, 0
2026/05/16 04:44:11.427, 0, NVIDIA A100-SXM4-80GB, 50875, 81920, 0
2026/05/16 04:44:11.427, 1, NVIDIA A100-SXM4-80GB, 50939, 81920, 0
2026/05/16 04:44:11.428, 2, NVIDIA A100-SXM4-80GB, 50925, 81920, 0
2026/05/16 04:44:11.428, 3, NVIDIA A100-SXM4-80GB, 50853, 81920, 0
2026/05/16 04:44:41.429, 0, NVIDIA A100-SXM4-80GB, 50875, 81920, 100
2026/05/16 04:44:41.430, 1, NVIDIA A100-SXM4-80GB, 50939, 81920, 100
2026/05/16 04:44:41.430, 2, NVIDIA A100-SXM4-80GB, 50925, 81920, 100
2026/05/16 04:44:41.430, 3, NVIDIA A100-SXM4-80GB, 50853, 81920, 100
2026/05/16 04:45:11.430, 0, NVIDIA A100-SXM4-80GB, 50875, 81920, 86
2026/05/16 04:45:11.430, 1, NVIDIA A100-SXM4-80GB, 50939, 81920, 0
2026/05/16 04:45:11.430, 2, NVIDIA A100-SXM4-80GB, 50925, 81920, 0
2026/05/16 04:45:11.430, 3, NVIDIA A100-SXM4-80GB, 50853, 81920, 0
2026/05/16 04:45:41.431, 0, NVIDIA A100-SXM4-80GB, 50875, 81920, 0
2026/05/16 04:45:41.431, 1, NVIDIA A100-SXM4-80GB, 50939, 81920, 0
2026/05/16 04:45:41.431, 2, NVIDIA A100-SXM4-80GB, 50925, 81920, 0
2026/05/16 04:45:41.431, 3, NVIDIA A100-SXM4-80GB, 50853, 81920, 0
2026/05/16 04:46:11.432, 0, NVIDIA A100-SXM4-80GB, 50875, 81920, 100
2026/05/16 04:46:11.432, 1, NVIDIA A100-SXM4-80GB, 50939, 81920, 100
2026/05/16 04:46:11.432, 2, NVIDIA A100-SXM4-80GB, 50925, 81920, 100
2026/05/16 04:46:11.432, 3, NVIDIA A100-SXM4-80GB, 50853, 81920, 100
2026/05/16 04:46:41.432, 0, NVIDIA A100-SXM4-80GB, 50875, 81920, 0
2026/05/16 04:46:41.432, 1, NVIDIA A100-SXM4-80GB, 50939, 81920, 0
2026/05/16 04:46:41.432, 2, NVIDIA A100-SXM4-80GB, 50925, 81920, 0
2026/05/16 04:46:41.432, 3, NVIDIA A100-SXM4-80GB, 50853, 81920, 0
2026/05/16 04:47:11.433, 0, NVIDIA A100-SXM4-80GB, 50875, 81920, 23
2026/05/16 04:47:11.434, 1, NVIDIA A100-SXM4-80GB, 50939, 81920, 0
2026/05/16 04:47:11.434, 2, NVIDIA A100-SXM4-80GB, 50925, 81920, 0
2026/05/16 04:47:11.434, 3, NVIDIA A100-SXM4-80GB, 50853, 81920, 0
2026/05/16 04:47:41.435, 0, NVIDIA A100-SXM4-80GB, 50875, 81920, 0
2026/05/16 04:47:41.435, 1, NVIDIA A100-SXM4-80GB, 50939, 81920, 0
2026/05/16 04:47:41.435, 2, NVIDIA A100-SXM4-80GB, 50925, 81920, 0
2026/05/16 04:47:41.435, 3, NVIDIA A100-SXM4-80GB, 50853, 81920, 0
2026/05/16 04:48:11.435, 0, NVIDIA A100-SXM4-80GB, 50875, 81920, 99
2026/05/16 04:48:11.435, 1, NVIDIA A100-SXM4-80GB, 50939, 81920, 99
2026/05/16 04:48:11.435, 2, NVIDIA A100-SXM4-80GB, 50925, 81920, 100
2026/05/16 04:48:11.435, 3, NVIDIA A100-SXM4-80GB, 50853, 81920, 97
2026/05/16 04:48:41.436, 0, NVIDIA A100-SXM4-80GB, 50875, 81920, 0
2026/05/16 04:48:41.436, 1, NVIDIA A100-SXM4-80GB, 50939, 81920, 0
2026/05/16 04:48:41.436, 2, NVIDIA A100-SXM4-80GB, 50925, 81920, 0
2026/05/16 04:48:41.436, 3, NVIDIA A100-SXM4-80GB, 50853, 81920, 0
2026/05/16 04:49:11.437, 0, NVIDIA A100-SXM4-80GB, 50875, 81920, 0
2026/05/16 04:49:11.438, 1, NVIDIA A100-SXM4-80GB, 50939, 81920, 0
2026/05/16 04:49:11.438, 2, NVIDIA A100-SXM4-80GB, 50925, 81920, 0
2026/05/16 04:49:11.438, 3, NVIDIA A100-SXM4-80GB, 50853, 81920, 0
2026/05/16 04:49:41.438, 0, NVIDIA A100-SXM4-80GB, 50875, 81920, 100
2026/05/16 04:49:41.453, 1, NVIDIA A100-SXM4-80GB, 50939, 81920, 100
2026/05/16 04:49:41.453, 2, NVIDIA A100-SXM4-80GB, 50925, 81920, 100
2026/05/16 04:49:41.453, 3, NVIDIA A100-SXM4-80GB, 50853, 81920, 100
2026/05/16 04:50:11.454, 0, NVIDIA A100-SXM4-80GB, 50875, 81920, 0
2026/05/16 04:50:11.454, 1, NVIDIA A100-SXM4-80GB, 50939, 81920, 0
2026/05/16 04:50:11.454, 2, NVIDIA A100-SXM4-80GB, 50925, 81920, 0
2026/05/16 04:50:11.454, 3, NVIDIA A100-SXM4-80GB, 50853, 81920, 0
2026/05/16 04:50:41.455, 0, NVIDIA A100-SXM4-80GB, 50875, 81920, 43
2026/05/16 04:50:41.455, 1, NVIDIA A100-SXM4-80GB, 50939, 81920, 0
2026/05/16 04:50:41.455, 2, NVIDIA A100-SXM4-80GB, 50925, 81920, 0
2026/05/16 04:50:41.455, 3, NVIDIA A100-SXM4-80GB, 50853, 81920, 0
2026/05/16 04:51:11.456, 0, NVIDIA A100-SXM4-80GB, 50875, 81920, 0
2026/05/16 04:51:11.456, 1, NVIDIA A100-SXM4-80GB, 50939, 81920, 0
2026/05/16 04:51:11.456, 2, NVIDIA A100-SXM4-80GB, 50925, 81920, 0
2026/05/16 04:51:11.456, 3, NVIDIA A100-SXM4-80GB, 50853, 81920, 0
2026/05/16 04:51:41.457, 0, NVIDIA A100-SXM4-80GB, 50875, 81920, 99
2026/05/16 04:51:41.457, 1, NVIDIA A100-SXM4-80GB, 50939, 81920, 99
2026/05/16 04:51:41.457, 2, NVIDIA A100-SXM4-80GB, 50925, 81920, 100
2026/05/16 04:51:41.457, 3, NVIDIA A100-SXM4-80GB, 50853, 81920, 100
2026/05/16 04:52:11.458, 0, NVIDIA A100-SXM4-80GB, 50875, 81920, 0
2026/05/16 04:52:11.458, 1, NVIDIA A100-SXM4-80GB, 50939, 81920, 0
2026/05/16 04:52:11.458, 2, NVIDIA A100-SXM4-80GB, 50925, 81920, 0
2026/05/16 04:52:11.458, 3, NVIDIA A100-SXM4-80GB, 50853, 81920, 0
2026/05/16 04:52:41.459, 0, NVIDIA A100-SXM4-80GB, 50875, 81920, 100
2026/05/16 04:52:41.459, 1, NVIDIA A100-SXM4-80GB, 50939, 81920, 99
2026/05/16 04:52:41.459, 2, NVIDIA A100-SXM4-80GB, 50925, 81920, 100
2026/05/16 04:52:41.459, 3, NVIDIA A100-SXM4-80GB, 50853, 81920, 100
2026/05/16 04:53:11.460, 0, NVIDIA A100-SXM4-80GB, 50875, 81920, 0
2026/05/16 04:53:11.460, 1, NVIDIA A100-SXM4-80GB, 50939, 81920, 0
2026/05/16 04:53:11.460, 2, NVIDIA A100-SXM4-80GB, 50925, 81920, 0
2026/05/16 04:53:11.460, 3, NVIDIA A100-SXM4-80GB, 50853, 81920, 0
2026/05/16 04:53:41.461, 0, NVIDIA A100-SXM4-80GB, 50875, 81920, 0
2026/05/16 04:53:41.462, 1, NVIDIA A100-SXM4-80GB, 50939, 81920, 0
2026/05/16 04:53:41.462, 2, NVIDIA A100-SXM4-80GB, 50925, 81920, 0
2026/05/16 04:53:41.462, 3, NVIDIA A100-SXM4-80GB, 50853, 81920, 0
2026/05/16 04:54:11.463, 0, NVIDIA A100-SXM4-80GB, 50877, 81920, 0
2026/05/16 04:54:11.463, 1, NVIDIA A100-SXM4-80GB, 50939, 81920, 0
2026/05/16 04:54:11.463, 2, NVIDIA A100-SXM4-80GB, 50925, 81920, 0
2026/05/16 04:54:11.463, 3, NVIDIA A100-SXM4-80GB, 50853, 81920, 0
2026/05/16 04:54:41.464, 0, NVIDIA A100-SXM4-80GB, 50877, 81920, 0
2026/05/16 04:54:41.464, 1, NVIDIA A100-SXM4-80GB, 50939, 81920, 0
2026/05/16 04:54:41.464, 2, NVIDIA A100-SXM4-80GB, 50925, 81920, 0
2026/05/16 04:54:41.464, 3, NVIDIA A100-SXM4-80GB, 50853, 81920, 0
2026/05/16 04:55:11.466, 0, NVIDIA A100-SXM4-80GB, 50877, 81920, 100
2026/05/16 04:55:11.466, 1, NVIDIA A100-SXM4-80GB, 50939, 81920, 100
2026/05/16 04:55:11.466, 2, NVIDIA A100-SXM4-80GB, 50925, 81920, 100
2026/05/16 04:55:11.466, 3, NVIDIA A100-SXM4-80GB, 50853, 81920, 100
2026/05/16 04:55:41.466, 0, NVIDIA A100-SXM4-80GB, 50877, 81920, 0
2026/05/16 04:55:41.467, 1, NVIDIA A100-SXM4-80GB, 50939, 81920, 0
2026/05/16 04:55:41.467, 2, NVIDIA A100-SXM4-80GB, 50925, 81920, 0
2026/05/16 04:55:41.467, 3, NVIDIA A100-SXM4-80GB, 50853, 81920, 0
2026/05/16 04:56:11.467, 0, NVIDIA A100-SXM4-80GB, 50877, 81920, 0
2026/05/16 04:56:11.467, 1, NVIDIA A100-SXM4-80GB, 50939, 81920, 0
2026/05/16 04:56:11.467, 2, NVIDIA A100-SXM4-80GB, 50925, 81920, 0
2026/05/16 04:56:11.467, 3, NVIDIA A100-SXM4-80GB, 50853, 81920, 100
2026/05/16 04:56:41.469, 0, NVIDIA A100-SXM4-80GB, 50877, 81920, 1
2026/05/16 04:56:41.469, 1, NVIDIA A100-SXM4-80GB, 50939, 81920, 0
2026/05/16 04:56:41.469, 2, NVIDIA A100-SXM4-80GB, 50925, 81920, 0
2026/05/16 04:56:41.469, 3, NVIDIA A100-SXM4-80GB, 50853, 81920, 0
2026/05/16 04:57:11.469, 0, NVIDIA A100-SXM4-80GB, 50877, 81920, 53
2026/05/16 04:57:11.470, 1, NVIDIA A100-SXM4-80GB, 50939, 81920, 0
2026/05/16 04:57:11.470, 2, NVIDIA A100-SXM4-80GB, 50925, 81920, 0
2026/05/16 04:57:11.470, 3, NVIDIA A100-SXM4-80GB, 50853, 81920, 0
2026/05/16 04:57:41.471, 0, NVIDIA A100-SXM4-80GB, 50877, 81920, 0
2026/05/16 04:57:41.471, 1, NVIDIA A100-SXM4-80GB, 50939, 81920, 0
2026/05/16 04:57:41.471, 2, NVIDIA A100-SXM4-80GB, 50925, 81920, 0
2026/05/16 04:57:41.471, 3, NVIDIA A100-SXM4-80GB, 50853, 81920, 0
2026/05/16 04:58:11.472, 0, NVIDIA A100-SXM4-80GB, 50877, 81920, 0
2026/05/16 04:58:11.472, 1, NVIDIA A100-SXM4-80GB, 50939, 81920, 0
2026/05/16 04:58:11.472, 2, NVIDIA A100-SXM4-80GB, 50925, 81920, 0
2026/05/16 04:58:11.472, 3, NVIDIA A100-SXM4-80GB, 50853, 81920, 0
2026/05/16 04:58:41.473, 0, NVIDIA A100-SXM4-80GB, 50877, 81920, 100
2026/05/16 04:58:41.473, 1, NVIDIA A100-SXM4-80GB, 50939, 81920, 100
2026/05/16 04:58:41.473, 2, NVIDIA A100-SXM4-80GB, 50925, 81920, 12
2026/05/16 04:58:41.473, 3, NVIDIA A100-SXM4-80GB, 50853, 81920, 0
2026/05/16 04:59:11.474, 0, NVIDIA A100-SXM4-80GB, 50877, 81920, 0
2026/05/16 04:59:11.474, 1, NVIDIA A100-SXM4-80GB, 50939, 81920, 0
2026/05/16 04:59:11.474, 2, NVIDIA A100-SXM4-80GB, 50925, 81920, 0
2026/05/16 04:59:11.474, 3, NVIDIA A100-SXM4-80GB, 50853, 81920, 0
2026/05/16 04:59:41.475, 0, NVIDIA A100-SXM4-80GB, 50877, 81920, 99
2026/05/16 04:59:41.475, 1, NVIDIA A100-SXM4-80GB, 50939, 81920, 99
2026/05/16 04:59:41.475, 2, NVIDIA A100-SXM4-80GB, 50925, 81920, 99
2026/05/16 04:59:41.475, 3, NVIDIA A100-SXM4-80GB, 50853, 81920, 98
2026/05/16 05:00:11.476, 0, NVIDIA A100-SXM4-80GB, 50877, 81920, 0
2026/05/16 05:00:11.477, 1, NVIDIA A100-SXM4-80GB, 50939, 81920, 0
2026/05/16 05:00:11.477, 2, NVIDIA A100-SXM4-80GB, 50925, 81920, 0
2026/05/16 05:00:11.477, 3, NVIDIA A100-SXM4-80GB, 50853, 81920, 0
2026/05/16 05:00:41.478, 0, NVIDIA A100-SXM4-80GB, 50877, 81920, 41
2026/05/16 05:00:41.478, 1, NVIDIA A100-SXM4-80GB, 50939, 81920, 0
2026/05/16 05:00:41.478, 2, NVIDIA A100-SXM4-80GB, 50925, 81920, 0
2026/05/16 05:00:41.478, 3, NVIDIA A100-SXM4-80GB, 50853, 81920, 0
2026/05/16 05:01:11.478, 0, NVIDIA A100-SXM4-80GB, 50877, 81920, 0
2026/05/16 05:01:11.479, 1, NVIDIA A100-SXM4-80GB, 50939, 81920, 0
2026/05/16 05:01:11.479, 2, NVIDIA A100-SXM4-80GB, 50925, 81920, 0
2026/05/16 05:01:11.479, 3, NVIDIA A100-SXM4-80GB, 50853, 81920, 0
2026/05/16 05:01:41.480, 0, NVIDIA A100-SXM4-80GB, 50877, 81920, 0
2026/05/16 05:01:41.480, 1, NVIDIA A100-SXM4-80GB, 50939, 81920, 0
2026/05/16 05:01:41.480, 2, NVIDIA A100-SXM4-80GB, 50925, 81920, 0
2026/05/16 05:01:41.480, 3, NVIDIA A100-SXM4-80GB, 50853, 81920, 0
2026/05/16 05:02:11.482, 0, NVIDIA A100-SXM4-80GB, 50877, 81920, 100
2026/05/16 05:02:11.482, 1, NVIDIA A100-SXM4-80GB, 50939, 81920, 99
2026/05/16 05:02:11.482, 2, NVIDIA A100-SXM4-80GB, 50925, 81920, 100
2026/05/16 05:02:11.482, 3, NVIDIA A100-SXM4-80GB, 50853, 81920, 99
2026/05/16 05:02:41.483, 0, NVIDIA A100-SXM4-80GB, 50877, 81920, 0
2026/05/16 05:02:41.483, 1, NVIDIA A100-SXM4-80GB, 50939, 81920, 0
2026/05/16 05:02:41.483, 2, NVIDIA A100-SXM4-80GB, 50925, 81920, 0
2026/05/16 05:02:41.483, 3, NVIDIA A100-SXM4-80GB, 50853, 81920, 0
2026/05/16 05:03:11.483, 0, NVIDIA A100-SXM4-80GB, 50877, 81920, 0
2026/05/16 05:03:11.484, 1, NVIDIA A100-SXM4-80GB, 50939, 81920, 100
2026/05/16 05:03:11.484, 2, NVIDIA A100-SXM4-80GB, 50925, 81920, 14
2026/05/16 05:03:11.484, 3, NVIDIA A100-SXM4-80GB, 50853, 81920, 0
2026/05/16 05:03:41.485, 0, NVIDIA A100-SXM4-80GB, 50877, 81920, 0
2026/05/16 05:03:41.485, 1, NVIDIA A100-SXM4-80GB, 50939, 81920, 0
2026/05/16 05:03:41.485, 2, NVIDIA A100-SXM4-80GB, 50925, 81920, 0
2026/05/16 05:03:41.485, 3, NVIDIA A100-SXM4-80GB, 50853, 81920, 0
2026/05/16 05:04:11.486, 0, NVIDIA A100-SXM4-80GB, 50877, 81920, 95
2026/05/16 05:04:11.486, 1, NVIDIA A100-SXM4-80GB, 50939, 81920, 0
2026/05/16 05:04:11.486, 2, NVIDIA A100-SXM4-80GB, 50925, 81920, 0
2026/05/16 05:04:11.486, 3, NVIDIA A100-SXM4-80GB, 50853, 81920, 0
2026/05/16 05:04:41.487, 0, NVIDIA A100-SXM4-80GB, 50877, 81920, 0
2026/05/16 05:04:41.487, 1, NVIDIA A100-SXM4-80GB, 50939, 81920, 0
2026/05/16 05:04:41.487, 2, NVIDIA A100-SXM4-80GB, 50925, 81920, 0
2026/05/16 05:04:41.487, 3, NVIDIA A100-SXM4-80GB, 50853, 81920, 0
2026/05/16 05:05:11.487, 0, NVIDIA A100-SXM4-80GB, 50877, 81920, 100
2026/05/16 05:05:11.488, 1, NVIDIA A100-SXM4-80GB, 50939, 81920, 99
2026/05/16 05:05:11.488, 2, NVIDIA A100-SXM4-80GB, 50925, 81920, 100
2026/05/16 05:05:11.488, 3, NVIDIA A100-SXM4-80GB, 50853, 81920, 100
2026/05/16 05:05:41.488, 0, NVIDIA A100-SXM4-80GB, 50877, 81920, 0
2026/05/16 05:05:41.488, 1, NVIDIA A100-SXM4-80GB, 50939, 81920, 0
2026/05/16 05:05:41.488, 2, NVIDIA A100-SXM4-80GB, 50925, 81920, 0
2026/05/16 05:05:41.488, 3, NVIDIA A100-SXM4-80GB, 50853, 81920, 0
2026/05/16 05:06:11.489, 0, NVIDIA A100-SXM4-80GB, 50877, 81920, 0
2026/05/16 05:06:11.489, 1, NVIDIA A100-SXM4-80GB, 50939, 81920, 0
2026/05/16 05:06:11.489, 2, NVIDIA A100-SXM4-80GB, 50925, 81920, 0
2026/05/16 05:06:11.489, 3, NVIDIA A100-SXM4-80GB, 50853, 81920, 0
2026/05/16 05:06:41.490, 0, NVIDIA A100-SXM4-80GB, 50877, 81920, 99
2026/05/16 05:06:41.490, 1, NVIDIA A100-SXM4-80GB, 50939, 81920, 100
2026/05/16 05:06:41.490, 2, NVIDIA A100-SXM4-80GB, 50925, 81920, 99
2026/05/16 05:06:41.490, 3, NVIDIA A100-SXM4-80GB, 50853, 81920, 99
2026/05/16 05:07:11.491, 0, NVIDIA A100-SXM4-80GB, 50877, 81920, 0
2026/05/16 05:07:11.491, 1, NVIDIA A100-SXM4-80GB, 50939, 81920, 0
2026/05/16 05:07:11.491, 2, NVIDIA A100-SXM4-80GB, 50925, 81920, 0
2026/05/16 05:07:11.491, 3, NVIDIA A100-SXM4-80GB, 50853, 81920, 0
2026/05/16 05:07:41.492, 0, NVIDIA A100-SXM4-80GB, 50877, 81920, 0
2026/05/16 05:07:41.492, 1, NVIDIA A100-SXM4-80GB, 50939, 81920, 0
2026/05/16 05:07:41.492, 2, NVIDIA A100-SXM4-80GB, 50925, 81920, 0
2026/05/16 05:07:41.492, 3, NVIDIA A100-SXM4-80GB, 50853, 81920, 0
2026/05/16 05:08:11.493, 0, NVIDIA A100-SXM4-80GB, 50877, 81920, 0
2026/05/16 05:08:11.493, 1, NVIDIA A100-SXM4-80GB, 50939, 81920, 0
2026/05/16 05:08:11.493, 2, NVIDIA A100-SXM4-80GB, 50925, 81920, 0
2026/05/16 05:08:11.493, 3, NVIDIA A100-SXM4-80GB, 50853, 81920, 0
2026/05/16 05:08:41.493, 0, NVIDIA A100-SXM4-80GB, 50877, 81920, 99
2026/05/16 05:08:41.493, 1, NVIDIA A100-SXM4-80GB, 50939, 81920, 100
2026/05/16 05:08:41.493, 2, NVIDIA A100-SXM4-80GB, 50925, 81920, 100
2026/05/16 05:08:41.493, 3, NVIDIA A100-SXM4-80GB, 50853, 81920, 100
2026/05/16 05:09:11.494, 0, NVIDIA A100-SXM4-80GB, 50877, 81920, 0
2026/05/16 05:09:11.495, 1, NVIDIA A100-SXM4-80GB, 50939, 81920, 0
2026/05/16 05:09:11.495, 2, NVIDIA A100-SXM4-80GB, 50925, 81920, 0
2026/05/16 05:09:11.495, 3, NVIDIA A100-SXM4-80GB, 50853, 81920, 0
2026/05/16 05:09:41.496, 0, NVIDIA A100-SXM4-80GB, 50877, 81920, 0
2026/05/16 05:09:41.496, 1, NVIDIA A100-SXM4-80GB, 50939, 81920, 100
2026/05/16 05:09:41.496, 2, NVIDIA A100-SXM4-80GB, 50925, 81920, 0
2026/05/16 05:09:41.496, 3, NVIDIA A100-SXM4-80GB, 50853, 81920, 0
2026/05/16 05:10:11.497, 0, NVIDIA A100-SXM4-80GB, 50877, 81920, 0
2026/05/16 05:10:11.497, 1, NVIDIA A100-SXM4-80GB, 50939, 81920, 0
2026/05/16 05:10:11.497, 2, NVIDIA A100-SXM4-80GB, 50925, 81920, 0
2026/05/16 05:10:11.497, 3, NVIDIA A100-SXM4-80GB, 50853, 81920, 0
2026/05/16 05:10:41.498, 0, NVIDIA A100-SXM4-80GB, 50877, 81920, 69
2026/05/16 05:10:41.498, 1, NVIDIA A100-SXM4-80GB, 50939, 81920, 0
2026/05/16 05:10:41.498, 2, NVIDIA A100-SXM4-80GB, 50925, 81920, 0
2026/05/16 05:10:41.498, 3, NVIDIA A100-SXM4-80GB, 50853, 81920, 0
2026/05/16 05:11:11.499, 0, NVIDIA A100-SXM4-80GB, 50877, 81920, 0
2026/05/16 05:11:11.500, 1, NVIDIA A100-SXM4-80GB, 50939, 81920, 0
2026/05/16 05:11:11.500, 2, NVIDIA A100-SXM4-80GB, 50925, 81920, 0
2026/05/16 05:11:11.500, 3, NVIDIA A100-SXM4-80GB, 50853, 81920, 0
2026/05/16 05:11:41.501, 0, NVIDIA A100-SXM4-80GB, 50877, 81920, 100
2026/05/16 05:11:41.501, 1, NVIDIA A100-SXM4-80GB, 50939, 81920, 100
2026/05/16 05:11:41.501, 2, NVIDIA A100-SXM4-80GB, 50925, 81920, 100
2026/05/16 05:11:41.501, 3, NVIDIA A100-SXM4-80GB, 50853, 81920, 100
2026/05/16 05:12:11.502, 0, NVIDIA A100-SXM4-80GB, 50877, 81920, 68
2026/05/16 05:12:11.502, 1, NVIDIA A100-SXM4-80GB, 50939, 81920, 0
2026/05/16 05:12:11.502, 2, NVIDIA A100-SXM4-80GB, 50925, 81920, 0
2026/05/16 05:12:11.502, 3, NVIDIA A100-SXM4-80GB, 50853, 81920, 0
2026/05/16 05:12:41.503, 0, NVIDIA A100-SXM4-80GB, 50877, 81920, 0
2026/05/16 05:12:41.503, 1, NVIDIA A100-SXM4-80GB, 50939, 81920, 0
2026/05/16 05:12:41.503, 2, NVIDIA A100-SXM4-80GB, 50925, 81920, 0
2026/05/16 05:12:41.503, 3, NVIDIA A100-SXM4-80GB, 50853, 81920, 0
2026/05/16 05:13:11.504, 0, NVIDIA A100-SXM4-80GB, 50877, 81920, 100
2026/05/16 05:13:11.504, 1, NVIDIA A100-SXM4-80GB, 50939, 81920, 100
2026/05/16 05:13:11.504, 2, NVIDIA A100-SXM4-80GB, 50925, 81920, 100
2026/05/16 05:13:11.504, 3, NVIDIA A100-SXM4-80GB, 50853, 81920, 100
2026/05/16 05:13:41.505, 0, NVIDIA A100-SXM4-80GB, 50877, 81920, 0
2026/05/16 05:13:41.505, 1, NVIDIA A100-SXM4-80GB, 50939, 81920, 0
2026/05/16 05:13:41.505, 2, NVIDIA A100-SXM4-80GB, 50925, 81920, 0
2026/05/16 05:13:41.505, 3, NVIDIA A100-SXM4-80GB, 50853, 81920, 0
2026/05/16 05:14:11.506, 0, NVIDIA A100-SXM4-80GB, 50877, 81920, 14
2026/05/16 05:14:11.506, 1, NVIDIA A100-SXM4-80GB, 50939, 81920, 0
2026/05/16 05:14:11.506, 2, NVIDIA A100-SXM4-80GB, 50925, 81920, 0
2026/05/16 05:14:11.506, 3, NVIDIA A100-SXM4-80GB, 50853, 81920, 0
2026/05/16 05:14:41.506, 0, NVIDIA A100-SXM4-80GB, 50877, 81920, 0
2026/05/16 05:14:41.506, 1, NVIDIA A100-SXM4-80GB, 50939, 81920, 0
2026/05/16 05:14:41.506, 2, NVIDIA A100-SXM4-80GB, 50925, 81920, 0
2026/05/16 05:14:41.506, 3, NVIDIA A100-SXM4-80GB, 50853, 81920, 0
2026/05/16 05:15:11.507, 0, NVIDIA A100-SXM4-80GB, 50877, 81920, 93
2026/05/16 05:15:11.507, 1, NVIDIA A100-SXM4-80GB, 50939, 81920, 99
2026/05/16 05:15:11.507, 2, NVIDIA A100-SXM4-80GB, 50925, 81920, 100
2026/05/16 05:15:11.507, 3, NVIDIA A100-SXM4-80GB, 50853, 81920, 60
2026/05/16 05:15:41.508, 0, NVIDIA A100-SXM4-80GB, 50877, 81920, 0
2026/05/16 05:15:41.508, 1, NVIDIA A100-SXM4-80GB, 50939, 81920, 0
2026/05/16 05:15:41.508, 2, NVIDIA A100-SXM4-80GB, 50925, 81920, 0
2026/05/16 05:15:41.508, 3, NVIDIA A100-SXM4-80GB, 50853, 81920, 0
2026/05/16 05:16:11.509, 0, NVIDIA A100-SXM4-80GB, 50877, 81920, 0
2026/05/16 05:16:11.509, 1, NVIDIA A100-SXM4-80GB, 50939, 81920, 100
2026/05/16 05:16:11.509, 2, NVIDIA A100-SXM4-80GB, 50925, 81920, 100
2026/05/16 05:16:11.509, 3, NVIDIA A100-SXM4-80GB, 50853, 81920, 100
2026/05/16 05:16:41.510, 0, NVIDIA A100-SXM4-80GB, 50877, 81920, 0
2026/05/16 05:16:41.510, 1, NVIDIA A100-SXM4-80GB, 50939, 81920, 0
2026/05/16 05:16:41.510, 2, NVIDIA A100-SXM4-80GB, 50925, 81920, 0
2026/05/16 05:16:41.510, 3, NVIDIA A100-SXM4-80GB, 50853, 81920, 0
2026/05/16 05:17:11.511, 0, NVIDIA A100-SXM4-80GB, 50877, 81920, 0
2026/05/16 05:17:11.511, 1, NVIDIA A100-SXM4-80GB, 50939, 81920, 0
2026/05/16 05:17:11.511, 2, NVIDIA A100-SXM4-80GB, 50925, 81920, 0
2026/05/16 05:17:11.511, 3, NVIDIA A100-SXM4-80GB, 50853, 81920, 0
2026/05/16 05:17:41.511, 0, NVIDIA A100-SXM4-80GB, 50877, 81920, 0
2026/05/16 05:17:41.512, 1, NVIDIA A100-SXM4-80GB, 50939, 81920, 0
2026/05/16 05:17:41.512, 2, NVIDIA A100-SXM4-80GB, 50925, 81920, 0
2026/05/16 05:17:41.512, 3, NVIDIA A100-SXM4-80GB, 50853, 81920, 0
2026/05/16 05:18:11.512, 0, NVIDIA A100-SXM4-80GB, 50877, 81920, 0
2026/05/16 05:18:11.512, 1, NVIDIA A100-SXM4-80GB, 50939, 81920, 0
2026/05/16 05:18:11.512, 2, NVIDIA A100-SXM4-80GB, 50925, 81920, 0
2026/05/16 05:18:11.512, 3, NVIDIA A100-SXM4-80GB, 50853, 81920, 0
2026/05/16 05:18:41.513, 0, NVIDIA A100-SXM4-80GB, 50877, 81920, 100
2026/05/16 05:18:41.513, 1, NVIDIA A100-SXM4-80GB, 50939, 81920, 100
2026/05/16 05:18:41.513, 2, NVIDIA A100-SXM4-80GB, 50925, 81920, 99
2026/05/16 05:18:41.513, 3, NVIDIA A100-SXM4-80GB, 50853, 81920, 100
2026/05/16 05:19:11.514, 0, NVIDIA A100-SXM4-80GB, 50877, 81920, 0
2026/05/16 05:19:11.514, 1, NVIDIA A100-SXM4-80GB, 50939, 81920, 0
2026/05/16 05:19:11.514, 2, NVIDIA A100-SXM4-80GB, 50925, 81920, 0
2026/05/16 05:19:11.514, 3, NVIDIA A100-SXM4-80GB, 50853, 81920, 0
2026/05/16 05:19:41.516, 0, NVIDIA A100-SXM4-80GB, 50877, 81920, 99
2026/05/16 05:19:41.516, 1, NVIDIA A100-SXM4-80GB, 50939, 81920, 99
2026/05/16 05:19:41.516, 2, NVIDIA A100-SXM4-80GB, 50925, 81920, 99
2026/05/16 05:19:41.516, 3, NVIDIA A100-SXM4-80GB, 50853, 81920, 99
2026/05/16 05:20:11.517, 0, NVIDIA A100-SXM4-80GB, 50877, 81920, 42
2026/05/16 05:20:11.517, 1, NVIDIA A100-SXM4-80GB, 50939, 81920, 0
2026/05/16 05:20:11.517, 2, NVIDIA A100-SXM4-80GB, 50925, 81920, 0
2026/05/16 05:20:11.517, 3, NVIDIA A100-SXM4-80GB, 50853, 81920, 0
2026/05/16 05:20:41.518, 0, NVIDIA A100-SXM4-80GB, 50877, 81920, 0
2026/05/16 05:20:41.518, 1, NVIDIA A100-SXM4-80GB, 50939, 81920, 0
2026/05/16 05:20:41.518, 2, NVIDIA A100-SXM4-80GB, 50925, 81920, 0
2026/05/16 05:20:41.518, 3, NVIDIA A100-SXM4-80GB, 50853, 81920, 0
2026/05/16 05:21:11.519, 0, NVIDIA A100-SXM4-80GB, 50877, 81920, 0
2026/05/16 05:21:11.519, 1, NVIDIA A100-SXM4-80GB, 50939, 81920, 0
2026/05/16 05:21:11.519, 2, NVIDIA A100-SXM4-80GB, 50925, 81920, 0
2026/05/16 05:21:11.519, 3, NVIDIA A100-SXM4-80GB, 50853, 81920, 0
2026/05/16 05:21:41.519, 0, NVIDIA A100-SXM4-80GB, 50877, 81920, 0
2026/05/16 05:21:41.520, 1, NVIDIA A100-SXM4-80GB, 50939, 81920, 0
2026/05/16 05:21:41.520, 2, NVIDIA A100-SXM4-80GB, 50925, 81920, 0
2026/05/16 05:21:41.520, 3, NVIDIA A100-SXM4-80GB, 50853, 81920, 0
2026/05/16 05:22:11.521, 0, NVIDIA A100-SXM4-80GB, 50877, 81920, 100
2026/05/16 05:22:11.521, 1, NVIDIA A100-SXM4-80GB, 50939, 81920, 99
2026/05/16 05:22:11.521, 2, NVIDIA A100-SXM4-80GB, 50925, 81920, 100
2026/05/16 05:22:11.521, 3, NVIDIA A100-SXM4-80GB, 50853, 81920, 100
2026/05/16 05:22:41.521, 0, NVIDIA A100-SXM4-80GB, 50877, 81920, 0
2026/05/16 05:22:41.522, 1, NVIDIA A100-SXM4-80GB, 50939, 81920, 0
2026/05/16 05:22:41.522, 2, NVIDIA A100-SXM4-80GB, 50925, 81920, 0
2026/05/16 05:22:41.522, 3, NVIDIA A100-SXM4-80GB, 50853, 81920, 0
2026/05/16 05:23:11.522, 0, NVIDIA A100-SXM4-80GB, 50877, 81920, 98
2026/05/16 05:23:11.522, 1, NVIDIA A100-SXM4-80GB, 50939, 81920, 100
2026/05/16 05:23:11.522, 2, NVIDIA A100-SXM4-80GB, 50925, 81920, 99
2026/05/16 05:23:11.522, 3, NVIDIA A100-SXM4-80GB, 50853, 81920, 99
2026/05/16 05:23:41.523, 0, NVIDIA A100-SXM4-80GB, 50877, 81920, 0
2026/05/16 05:23:41.523, 1, NVIDIA A100-SXM4-80GB, 50939, 81920, 0
2026/05/16 05:23:41.523, 2, NVIDIA A100-SXM4-80GB, 50925, 81920, 0
2026/05/16 05:23:41.523, 3, NVIDIA A100-SXM4-80GB, 50853, 81920, 0
2026/05/16 05:24:11.524, 0, NVIDIA A100-SXM4-80GB, 50877, 81920, 3
2026/05/16 05:24:11.525, 1, NVIDIA A100-SXM4-80GB, 50939, 81920, 0
2026/05/16 05:24:11.525, 2, NVIDIA A100-SXM4-80GB, 50925, 81920, 0
2026/05/16 05:24:11.525, 3, NVIDIA A100-SXM4-80GB, 50853, 81920, 0
2026/05/16 05:24:41.525, 0, NVIDIA A100-SXM4-80GB, 50877, 81920, 0
2026/05/16 05:24:41.525, 1, NVIDIA A100-SXM4-80GB, 50939, 81920, 0
2026/05/16 05:24:41.525, 2, NVIDIA A100-SXM4-80GB, 50925, 81920, 0
2026/05/16 05:24:41.525, 3, NVIDIA A100-SXM4-80GB, 50853, 81920, 0
2026/05/16 05:25:11.526, 0, NVIDIA A100-SXM4-80GB, 50877, 81920, 0
2026/05/16 05:25:11.526, 1, NVIDIA A100-SXM4-80GB, 50939, 81920, 0
2026/05/16 05:25:11.526, 2, NVIDIA A100-SXM4-80GB, 50925, 81920, 0
2026/05/16 05:25:11.526, 3, NVIDIA A100-SXM4-80GB, 50853, 81920, 61
2026/05/16 05:25:41.527, 0, NVIDIA A100-SXM4-80GB, 50877, 81920, 42
2026/05/16 05:25:41.527, 1, NVIDIA A100-SXM4-80GB, 50939, 81920, 0
2026/05/16 05:25:41.527, 2, NVIDIA A100-SXM4-80GB, 50925, 81920, 0
2026/05/16 05:25:41.527, 3, NVIDIA A100-SXM4-80GB, 50853, 81920, 0
2026/05/16 05:26:11.528, 0, NVIDIA A100-SXM4-80GB, 50877, 81920, 0
2026/05/16 05:26:11.528, 1, NVIDIA A100-SXM4-80GB, 50939, 81920, 0
2026/05/16 05:26:11.528, 2, NVIDIA A100-SXM4-80GB, 50925, 81920, 0
2026/05/16 05:26:11.528, 3, NVIDIA A100-SXM4-80GB, 50853, 81920, 0
2026/05/16 05:26:41.529, 0, NVIDIA A100-SXM4-80GB, 50877, 81920, 100
2026/05/16 05:26:41.529, 1, NVIDIA A100-SXM4-80GB, 50939, 81920, 0
2026/05/16 05:26:41.529, 2, NVIDIA A100-SXM4-80GB, 50925, 81920, 32
2026/05/16 05:26:41.529, 3, NVIDIA A100-SXM4-80GB, 50853, 81920, 0
2026/05/16 05:27:11.529, 0, NVIDIA A100-SXM4-80GB, 50877, 81920, 0
2026/05/16 05:27:11.530, 1, NVIDIA A100-SXM4-80GB, 50939, 81920, 0
2026/05/16 05:27:11.530, 2, NVIDIA A100-SXM4-80GB, 50925, 81920, 0
2026/05/16 05:27:11.531, 3, NVIDIA A100-SXM4-80GB, 50853, 81920, 0
2026/05/16 05:27:41.531, 0, NVIDIA A100-SXM4-80GB, 50877, 81920, 34
2026/05/16 05:27:41.531, 1, NVIDIA A100-SXM4-80GB, 50939, 81920, 0
2026/05/16 05:27:41.531, 2, NVIDIA A100-SXM4-80GB, 50925, 81920, 0
2026/05/16 05:27:41.531, 3, NVIDIA A100-SXM4-80GB, 50853, 81920, 0
2026/05/16 05:28:11.532, 0, NVIDIA A100-SXM4-80GB, 50877, 81920, 0
2026/05/16 05:28:11.532, 1, NVIDIA A100-SXM4-80GB, 50939, 81920, 0
2026/05/16 05:28:11.532, 2, NVIDIA A100-SXM4-80GB, 50925, 81920, 0
2026/05/16 05:28:11.532, 3, NVIDIA A100-SXM4-80GB, 50853, 81920, 0
2026/05/16 05:28:41.533, 0, NVIDIA A100-SXM4-80GB, 50877, 81920, 99
2026/05/16 05:28:41.533, 1, NVIDIA A100-SXM4-80GB, 50939, 81920, 100
2026/05/16 05:28:41.533, 2, NVIDIA A100-SXM4-80GB, 50925, 81920, 100
2026/05/16 05:28:41.533, 3, NVIDIA A100-SXM4-80GB, 50853, 81920, 100
2026/05/16 05:29:11.534, 0, NVIDIA A100-SXM4-80GB, 50877, 81920, 0
2026/05/16 05:29:11.534, 1, NVIDIA A100-SXM4-80GB, 50939, 81920, 0
2026/05/16 05:29:11.534, 2, NVIDIA A100-SXM4-80GB, 50925, 81920, 0
2026/05/16 05:29:11.534, 3, NVIDIA A100-SXM4-80GB, 50853, 81920, 0
2026/05/16 05:29:41.536, 0, NVIDIA A100-SXM4-80GB, 50877, 81920, 100
2026/05/16 05:29:41.536, 1, NVIDIA A100-SXM4-80GB, 50939, 81920, 100
2026/05/16 05:29:41.536, 2, NVIDIA A100-SXM4-80GB, 50925, 81920, 99
2026/05/16 05:29:41.536, 3, NVIDIA A100-SXM4-80GB, 50853, 81920, 100
2026/05/16 05:30:11.537, 0, NVIDIA A100-SXM4-80GB, 50877, 81920, 33
2026/05/16 05:30:11.537, 1, NVIDIA A100-SXM4-80GB, 50939, 81920, 0
2026/05/16 05:30:11.537, 2, NVIDIA A100-SXM4-80GB, 50925, 81920, 0
2026/05/16 05:30:11.537, 3, NVIDIA A100-SXM4-80GB, 50853, 81920, 0
2026/05/16 05:30:41.538, 0, NVIDIA A100-SXM4-80GB, 50877, 81920, 0
2026/05/16 05:30:41.538, 1, NVIDIA A100-SXM4-80GB, 50939, 81920, 0
2026/05/16 05:30:41.538, 2, NVIDIA A100-SXM4-80GB, 50925, 81920, 0
2026/05/16 05:30:41.538, 3, NVIDIA A100-SXM4-80GB, 50853, 81920, 0
2026/05/16 05:31:11.539, 0, NVIDIA A100-SXM4-80GB, 50877, 81920, 0
2026/05/16 05:31:11.539, 1, NVIDIA A100-SXM4-80GB, 50939, 81920, 0
2026/05/16 05:31:11.539, 2, NVIDIA A100-SXM4-80GB, 50925, 81920, 0
2026/05/16 05:31:11.539, 3, NVIDIA A100-SXM4-80GB, 50853, 81920, 0
2026/05/16 05:31:41.539, 0, NVIDIA A100-SXM4-80GB, 50877, 81920, 100
2026/05/16 05:31:41.539, 1, NVIDIA A100-SXM4-80GB, 50939, 81920, 100
2026/05/16 05:31:41.539, 2, NVIDIA A100-SXM4-80GB, 50925, 81920, 100
2026/05/16 05:31:41.539, 3, NVIDIA A100-SXM4-80GB, 50853, 81920, 100
2026/05/16 05:32:11.540, 0, NVIDIA A100-SXM4-80GB, 50877, 81920, 0
2026/05/16 05:32:11.540, 1, NVIDIA A100-SXM4-80GB, 50939, 81920, 0
2026/05/16 05:32:11.540, 2, NVIDIA A100-SXM4-80GB, 50925, 81920, 0
2026/05/16 05:32:11.540, 3, NVIDIA A100-SXM4-80GB, 50853, 81920, 0
2026/05/16 05:32:41.542, 0, NVIDIA A100-SXM4-80GB, 50877, 81920, 0
2026/05/16 05:32:41.542, 1, NVIDIA A100-SXM4-80GB, 50939, 81920, 0
2026/05/16 05:32:41.542, 2, NVIDIA A100-SXM4-80GB, 50925, 81920, 0
2026/05/16 05:32:41.542, 3, NVIDIA A100-SXM4-80GB, 50853, 81920, 0
2026/05/16 05:33:11.544, 0, NVIDIA A100-SXM4-80GB, 50877, 81920, 99
2026/05/16 05:33:11.544, 1, NVIDIA A100-SXM4-80GB, 50939, 81920, 100
2026/05/16 05:33:11.544, 2, NVIDIA A100-SXM4-80GB, 50925, 81920, 99
2026/05/16 05:33:11.544, 3, NVIDIA A100-SXM4-80GB, 50853, 81920, 100
2026/05/16 05:33:41.545, 0, NVIDIA A100-SXM4-80GB, 50877, 81920, 0
2026/05/16 05:33:41.545, 1, NVIDIA A100-SXM4-80GB, 50939, 81920, 0
2026/05/16 05:33:41.546, 2, NVIDIA A100-SXM4-80GB, 50925, 81920, 0
2026/05/16 05:33:41.546, 3, NVIDIA A100-SXM4-80GB, 50853, 81920, 0
2026/05/16 05:34:11.546, 0, NVIDIA A100-SXM4-80GB, 50877, 81920, 37
2026/05/16 05:34:11.546, 1, NVIDIA A100-SXM4-80GB, 50939, 81920, 0
2026/05/16 05:34:11.546, 2, NVIDIA A100-SXM4-80GB, 50925, 81920, 0
2026/05/16 05:34:11.546, 3, NVIDIA A100-SXM4-80GB, 50853, 81920, 0
2026/05/16 05:34:41.547, 0, NVIDIA A100-SXM4-80GB, 50877, 81920, 0
2026/05/16 05:34:41.547, 1, NVIDIA A100-SXM4-80GB, 50939, 81920, 0
2026/05/16 05:34:41.547, 2, NVIDIA A100-SXM4-80GB, 50925, 81920, 0
2026/05/16 05:34:41.547, 3, NVIDIA A100-SXM4-80GB, 50853, 81920, 0
2026/05/16 05:35:11.548, 0, NVIDIA A100-SXM4-80GB, 50877, 81920, 100
2026/05/16 05:35:11.548, 1, NVIDIA A100-SXM4-80GB, 50939, 81920, 100
2026/05/16 05:35:11.548, 2, NVIDIA A100-SXM4-80GB, 50925, 81920, 100
2026/05/16 05:35:11.548, 3, NVIDIA A100-SXM4-80GB, 50853, 81920, 100
2026/05/16 05:35:41.548, 0, NVIDIA A100-SXM4-80GB, 50877, 81920, 0
2026/05/16 05:35:41.549, 1, NVIDIA A100-SXM4-80GB, 50939, 81920, 0
2026/05/16 05:35:41.549, 2, NVIDIA A100-SXM4-80GB, 50925, 81920, 0
2026/05/16 05:35:41.549, 3, NVIDIA A100-SXM4-80GB, 50853, 81920, 0
2026/05/16 05:36:11.549, 0, NVIDIA A100-SXM4-80GB, 50877, 81920, 100
2026/05/16 05:36:11.549, 1, NVIDIA A100-SXM4-80GB, 50939, 81920, 99
2026/05/16 05:36:11.549, 2, NVIDIA A100-SXM4-80GB, 50925, 81920, 100
2026/05/16 05:36:11.549, 3, NVIDIA A100-SXM4-80GB, 50853, 81920, 99
2026/05/16 05:36:41.550, 0, NVIDIA A100-SXM4-80GB, 50877, 81920, 100
2026/05/16 05:36:41.550, 1, NVIDIA A100-SXM4-80GB, 50939, 81920, 100
2026/05/16 05:36:41.550, 2, NVIDIA A100-SXM4-80GB, 50925, 81920, 100
2026/05/16 05:36:41.550, 3, NVIDIA A100-SXM4-80GB, 50853, 81920, 100
2026/05/16 05:37:11.551, 0, NVIDIA A100-SXM4-80GB, 50877, 81920, 0
2026/05/16 05:37:11.551, 1, NVIDIA A100-SXM4-80GB, 50939, 81920, 0
2026/05/16 05:37:11.551, 2, NVIDIA A100-SXM4-80GB, 50925, 81920, 0
2026/05/16 05:37:11.551, 3, NVIDIA A100-SXM4-80GB, 50853, 81920, 0
2026/05/16 05:37:41.551, 0, NVIDIA A100-SXM4-80GB, 50877, 81920, 0
2026/05/16 05:37:41.551, 1, NVIDIA A100-SXM4-80GB, 50939, 81920, 0
2026/05/16 05:37:41.551, 2, NVIDIA A100-SXM4-80GB, 50925, 81920, 0
2026/05/16 05:37:41.551, 3, NVIDIA A100-SXM4-80GB, 50853, 81920, 0
2026/05/16 05:38:11.552, 0, NVIDIA A100-SXM4-80GB, 50877, 81920, 0
2026/05/16 05:38:11.552, 1, NVIDIA A100-SXM4-80GB, 50939, 81920, 0
2026/05/16 05:38:11.552, 2, NVIDIA A100-SXM4-80GB, 50925, 81920, 0
2026/05/16 05:38:11.552, 3, NVIDIA A100-SXM4-80GB, 50853, 81920, 0
2026/05/16 05:38:41.553, 0, NVIDIA A100-SXM4-80GB, 50877, 81920, 100
2026/05/16 05:38:41.553, 1, NVIDIA A100-SXM4-80GB, 50939, 81920, 100
2026/05/16 05:38:41.553, 2, NVIDIA A100-SXM4-80GB, 50925, 81920, 0
2026/05/16 05:38:41.553, 3, NVIDIA A100-SXM4-80GB, 50853, 81920, 100
2026/05/16 05:39:11.553, 0, NVIDIA A100-SXM4-80GB, 50877, 81920, 0
2026/05/16 05:39:11.553, 1, NVIDIA A100-SXM4-80GB, 50939, 81920, 0
2026/05/16 05:39:11.553, 2, NVIDIA A100-SXM4-80GB, 50925, 81920, 0
2026/05/16 05:39:11.553, 3, NVIDIA A100-SXM4-80GB, 50853, 81920, 0
2026/05/16 05:39:41.554, 0, NVIDIA A100-SXM4-80GB, 50877, 81920, 100
2026/05/16 05:39:41.554, 1, NVIDIA A100-SXM4-80GB, 50939, 81920, 100
2026/05/16 05:39:41.554, 2, NVIDIA A100-SXM4-80GB, 50925, 81920, 99
2026/05/16 05:39:41.554, 3, NVIDIA A100-SXM4-80GB, 50853, 81920, 99
2026/05/16 05:40:11.555, 0, NVIDIA A100-SXM4-80GB, 50877, 81920, 0
2026/05/16 05:40:11.555, 1, NVIDIA A100-SXM4-80GB, 50939, 81920, 0
2026/05/16 05:40:11.555, 2, NVIDIA A100-SXM4-80GB, 50925, 81920, 0
2026/05/16 05:40:11.555, 3, NVIDIA A100-SXM4-80GB, 50853, 81920, 0
2026/05/16 05:40:41.556, 0, NVIDIA A100-SXM4-80GB, 50877, 81920, 15
2026/05/16 05:40:41.556, 1, NVIDIA A100-SXM4-80GB, 50939, 81920, 0
2026/05/16 05:40:41.556, 2, NVIDIA A100-SXM4-80GB, 50925, 81920, 0
2026/05/16 05:40:41.556, 3, NVIDIA A100-SXM4-80GB, 50853, 81920, 0
2026/05/16 05:41:11.557, 0, NVIDIA A100-SXM4-80GB, 50877, 81920, 0
2026/05/16 05:41:11.557, 1, NVIDIA A100-SXM4-80GB, 50939, 81920, 0
2026/05/16 05:41:11.557, 2, NVIDIA A100-SXM4-80GB, 50925, 81920, 0
2026/05/16 05:41:11.557, 3, NVIDIA A100-SXM4-80GB, 50853, 81920, 0
2026/05/16 05:41:41.558, 0, NVIDIA A100-SXM4-80GB, 50877, 81920, 99
2026/05/16 05:41:41.558, 1, NVIDIA A100-SXM4-80GB, 50939, 81920, 99
2026/05/16 05:41:41.558, 2, NVIDIA A100-SXM4-80GB, 50925, 81920, 99
2026/05/16 05:41:41.558, 3, NVIDIA A100-SXM4-80GB, 50853, 81920, 99
2026/05/16 05:42:11.559, 0, NVIDIA A100-SXM4-80GB, 50877, 81920, 0
2026/05/16 05:42:11.559, 1, NVIDIA A100-SXM4-80GB, 50939, 81920, 0
2026/05/16 05:42:11.559, 2, NVIDIA A100-SXM4-80GB, 50925, 81920, 0
2026/05/16 05:42:11.559, 3, NVIDIA A100-SXM4-80GB, 50853, 81920, 0
2026/05/16 05:42:41.560, 0, NVIDIA A100-SXM4-80GB, 50877, 81920, 0
2026/05/16 05:42:41.560, 1, NVIDIA A100-SXM4-80GB, 50939, 81920, 0
2026/05/16 05:42:41.560, 2, NVIDIA A100-SXM4-80GB, 50925, 81920, 0
2026/05/16 05:42:41.560, 3, NVIDIA A100-SXM4-80GB, 50853, 81920, 0
2026/05/16 05:43:11.561, 0, NVIDIA A100-SXM4-80GB, 50877, 81920, 99
2026/05/16 05:43:11.561, 1, NVIDIA A100-SXM4-80GB, 50939, 81920, 99
2026/05/16 05:43:11.561, 2, NVIDIA A100-SXM4-80GB, 50925, 81920, 100
2026/05/16 05:43:11.561, 3, NVIDIA A100-SXM4-80GB, 50853, 81920, 100
2026/05/16 05:43:41.561, 0, NVIDIA A100-SXM4-80GB, 50877, 81920, 0
2026/05/16 05:43:41.561, 1, NVIDIA A100-SXM4-80GB, 50939, 81920, 0
2026/05/16 05:43:41.562, 2, NVIDIA A100-SXM4-80GB, 50925, 81920, 0
2026/05/16 05:43:41.562, 3, NVIDIA A100-SXM4-80GB, 50853, 81920, 0
2026/05/16 05:44:11.562, 0, NVIDIA A100-SXM4-80GB, 50877, 81920, 44
2026/05/16 05:44:11.562, 1, NVIDIA A100-SXM4-80GB, 50939, 81920, 0
2026/05/16 05:44:11.562, 2, NVIDIA A100-SXM4-80GB, 50925, 81920, 0
2026/05/16 05:44:11.562, 3, NVIDIA A100-SXM4-80GB, 50853, 81920, 0
2026/05/16 05:44:41.563, 0, NVIDIA A100-SXM4-80GB, 50877, 81920, 0
2026/05/16 05:44:41.563, 1, NVIDIA A100-SXM4-80GB, 50939, 81920, 0
2026/05/16 05:44:41.563, 2, NVIDIA A100-SXM4-80GB, 50925, 81920, 0
2026/05/16 05:44:41.563, 3, NVIDIA A100-SXM4-80GB, 50853, 81920, 0
2026/05/16 05:45:11.564, 0, NVIDIA A100-SXM4-80GB, 50877, 81920, 100
2026/05/16 05:45:11.564, 1, NVIDIA A100-SXM4-80GB, 50939, 81920, 100
2026/05/16 05:45:11.564, 2, NVIDIA A100-SXM4-80GB, 50925, 81920, 100
2026/05/16 05:45:11.564, 3, NVIDIA A100-SXM4-80GB, 50853, 81920, 100
2026/05/16 05:45:41.565, 0, NVIDIA A100-SXM4-80GB, 50877, 81920, 0
2026/05/16 05:45:41.565, 1, NVIDIA A100-SXM4-80GB, 50939, 81920, 0
2026/05/16 05:45:41.565, 2, NVIDIA A100-SXM4-80GB, 50925, 81920, 0
2026/05/16 05:45:41.565, 3, NVIDIA A100-SXM4-80GB, 50853, 81920, 0
2026/05/16 05:46:11.566, 0, NVIDIA A100-SXM4-80GB, 50877, 81920, 100
2026/05/16 05:46:11.566, 1, NVIDIA A100-SXM4-80GB, 50939, 81920, 100
2026/05/16 05:46:11.566, 2, NVIDIA A100-SXM4-80GB, 50925, 81920, 100
2026/05/16 05:46:11.566, 3, NVIDIA A100-SXM4-80GB, 50853, 81920, 100
2026/05/16 05:46:41.567, 0, NVIDIA A100-SXM4-80GB, 50877, 81920, 33
2026/05/16 05:46:41.567, 1, NVIDIA A100-SXM4-80GB, 50939, 81920, 0
2026/05/16 05:46:41.567, 2, NVIDIA A100-SXM4-80GB, 50925, 81920, 0
2026/05/16 05:46:41.567, 3, NVIDIA A100-SXM4-80GB, 50853, 81920, 0
2026/05/16 05:47:11.568, 0, NVIDIA A100-SXM4-80GB, 50877, 81920, 0
2026/05/16 05:47:11.568, 1, NVIDIA A100-SXM4-80GB, 50939, 81920, 0
2026/05/16 05:47:11.568, 2, NVIDIA A100-SXM4-80GB, 50925, 81920, 0
2026/05/16 05:47:11.568, 3, NVIDIA A100-SXM4-80GB, 50853, 81920, 0
2026/05/16 05:47:41.570, 0, NVIDIA A100-SXM4-80GB, 50877, 81920, 0
2026/05/16 05:47:41.570, 1, NVIDIA A100-SXM4-80GB, 50939, 81920, 0
2026/05/16 05:47:41.570, 2, NVIDIA A100-SXM4-80GB, 50925, 81920, 0
2026/05/16 05:47:41.570, 3, NVIDIA A100-SXM4-80GB, 50853, 81920, 0
2026/05/16 05:48:11.571, 0, NVIDIA A100-SXM4-80GB, 50877, 81920, 100
2026/05/16 05:48:11.571, 1, NVIDIA A100-SXM4-80GB, 50939, 81920, 100
2026/05/16 05:48:11.571, 2, NVIDIA A100-SXM4-80GB, 50925, 81920, 100
2026/05/16 05:48:11.571, 3, NVIDIA A100-SXM4-80GB, 50853, 81920, 100
2026/05/16 05:48:41.571, 0, NVIDIA A100-SXM4-80GB, 50877, 81920, 13
2026/05/16 05:48:41.571, 1, NVIDIA A100-SXM4-80GB, 50939, 81920, 0
2026/05/16 05:48:41.571, 2, NVIDIA A100-SXM4-80GB, 50925, 81920, 0
2026/05/16 05:48:41.571, 3, NVIDIA A100-SXM4-80GB, 50853, 81920, 0
2026/05/16 05:49:11.572, 0, NVIDIA A100-SXM4-80GB, 50877, 81920, 0
2026/05/16 05:49:11.573, 1, NVIDIA A100-SXM4-80GB, 50939, 81920, 0
2026/05/16 05:49:11.573, 2, NVIDIA A100-SXM4-80GB, 50925, 81920, 0
2026/05/16 05:49:11.573, 3, NVIDIA A100-SXM4-80GB, 50853, 81920, 0
2026/05/16 05:49:41.574, 0, NVIDIA A100-SXM4-80GB, 50877, 81920, 100
2026/05/16 05:49:41.574, 1, NVIDIA A100-SXM4-80GB, 50939, 81920, 100
2026/05/16 05:49:41.574, 2, NVIDIA A100-SXM4-80GB, 50925, 81920, 100
2026/05/16 05:49:41.574, 3, NVIDIA A100-SXM4-80GB, 50853, 81920, 100
2026/05/16 05:50:11.575, 0, NVIDIA A100-SXM4-80GB, 50877, 81920, 0
2026/05/16 05:50:11.575, 1, NVIDIA A100-SXM4-80GB, 50939, 81920, 0
2026/05/16 05:50:11.575, 2, NVIDIA A100-SXM4-80GB, 50925, 81920, 0
2026/05/16 05:50:11.575, 3, NVIDIA A100-SXM4-80GB, 50853, 81920, 0
2026/05/16 05:50:41.576, 0, NVIDIA A100-SXM4-80GB, 50877, 81920, 4
2026/05/16 05:50:41.576, 1, NVIDIA A100-SXM4-80GB, 50939, 81920, 0
2026/05/16 05:50:41.576, 2, NVIDIA A100-SXM4-80GB, 50925, 81920, 0
2026/05/16 05:50:41.576, 3, NVIDIA A100-SXM4-80GB, 50853, 81920, 0
2026/05/16 05:51:11.577, 0, NVIDIA A100-SXM4-80GB, 50877, 81920, 0
2026/05/16 05:51:11.577, 1, NVIDIA A100-SXM4-80GB, 50939, 81920, 0
2026/05/16 05:51:11.577, 2, NVIDIA A100-SXM4-80GB, 50925, 81920, 0
2026/05/16 05:51:11.577, 3, NVIDIA A100-SXM4-80GB, 50853, 81920, 0
2026/05/16 05:51:41.577, 0, NVIDIA A100-SXM4-80GB, 50877, 81920, 0
2026/05/16 05:51:41.577, 1, NVIDIA A100-SXM4-80GB, 50939, 81920, 0
2026/05/16 05:51:41.577, 2, NVIDIA A100-SXM4-80GB, 50925, 81920, 100
2026/05/16 05:51:41.577, 3, NVIDIA A100-SXM4-80GB, 50853, 81920, 100
2026/05/16 05:52:11.578, 0, NVIDIA A100-SXM4-80GB, 50877, 81920, 0
2026/05/16 05:52:11.579, 1, NVIDIA A100-SXM4-80GB, 50939, 81920, 0
2026/05/16 05:52:11.579, 2, NVIDIA A100-SXM4-80GB, 50925, 81920, 0
2026/05/16 05:52:11.579, 3, NVIDIA A100-SXM4-80GB, 50853, 81920, 0
2026/05/16 05:52:41.579, 0, NVIDIA A100-SXM4-80GB, 50877, 81920, 99
2026/05/16 05:52:41.579, 1, NVIDIA A100-SXM4-80GB, 50939, 81920, 99
2026/05/16 05:52:41.579, 2, NVIDIA A100-SXM4-80GB, 50925, 81920, 99
2026/05/16 05:52:41.579, 3, NVIDIA A100-SXM4-80GB, 50853, 81920, 99
2026/05/16 05:53:11.579, 0, NVIDIA A100-SXM4-80GB, 50877, 81920, 88
2026/05/16 05:53:11.580, 1, NVIDIA A100-SXM4-80GB, 50939, 81920, 0
2026/05/16 05:53:11.580, 2, NVIDIA A100-SXM4-80GB, 50925, 81920, 0
2026/05/16 05:53:11.580, 3, NVIDIA A100-SXM4-80GB, 50853, 81920, 0
2026/05/16 05:53:41.580, 0, NVIDIA A100-SXM4-80GB, 50877, 81920, 0
2026/05/16 05:53:41.580, 1, NVIDIA A100-SXM4-80GB, 50939, 81920, 0
2026/05/16 05:53:41.580, 2, NVIDIA A100-SXM4-80GB, 50925, 81920, 0
2026/05/16 05:53:41.581, 3, NVIDIA A100-SXM4-80GB, 50853, 81920, 0
2026/05/16 05:54:11.581, 0, NVIDIA A100-SXM4-80GB, 50877, 81920, 0
2026/05/16 05:54:11.581, 1, NVIDIA A100-SXM4-80GB, 50939, 81920, 0
2026/05/16 05:54:11.581, 2, NVIDIA A100-SXM4-80GB, 50925, 81920, 0
2026/05/16 05:54:11.581, 3, NVIDIA A100-SXM4-80GB, 50853, 81920, 0
2026/05/16 05:54:41.582, 0, NVIDIA A100-SXM4-80GB, 50877, 81920, 100
2026/05/16 05:54:41.583, 1, NVIDIA A100-SXM4-80GB, 50939, 81920, 100
2026/05/16 05:54:41.583, 2, NVIDIA A100-SXM4-80GB, 50925, 81920, 100
2026/05/16 05:54:41.583, 3, NVIDIA A100-SXM4-80GB, 50853, 81920, 99
2026/05/16 05:55:11.583, 0, NVIDIA A100-SXM4-80GB, 50877, 81920, 71
2026/05/16 05:55:11.583, 1, NVIDIA A100-SXM4-80GB, 50939, 81920, 0
2026/05/16 05:55:11.583, 2, NVIDIA A100-SXM4-80GB, 50925, 81920, 0
2026/05/16 05:55:11.583, 3, NVIDIA A100-SXM4-80GB, 50853, 81920, 0
2026/05/16 05:55:41.584, 0, NVIDIA A100-SXM4-80GB, 50877, 81920, 0
2026/05/16 05:55:41.584, 1, NVIDIA A100-SXM4-80GB, 50939, 81920, 0
2026/05/16 05:55:41.584, 2, NVIDIA A100-SXM4-80GB, 50925, 81920, 0
2026/05/16 05:55:41.584, 3, NVIDIA A100-SXM4-80GB, 50853, 81920, 0
2026/05/16 05:56:11.585, 0, NVIDIA A100-SXM4-80GB, 50877, 81920, 100
2026/05/16 05:56:11.585, 1, NVIDIA A100-SXM4-80GB, 50939, 81920, 99
2026/05/16 05:56:11.585, 2, NVIDIA A100-SXM4-80GB, 50925, 81920, 100
2026/05/16 05:56:11.585, 3, NVIDIA A100-SXM4-80GB, 50853, 81920, 100
2026/05/16 05:56:41.587, 0, NVIDIA A100-SXM4-80GB, 50877, 81920, 0
2026/05/16 05:56:41.587, 1, NVIDIA A100-SXM4-80GB, 50939, 81920, 0
2026/05/16 05:56:41.587, 2, NVIDIA A100-SXM4-80GB, 50925, 81920, 0
2026/05/16 05:56:41.587, 3, NVIDIA A100-SXM4-80GB, 50853, 81920, 0
2026/05/16 05:57:11.587, 0, NVIDIA A100-SXM4-80GB, 50877, 81920, 74
2026/05/16 05:57:11.587, 1, NVIDIA A100-SXM4-80GB, 50939, 81920, 0
2026/05/16 05:57:11.587, 2, NVIDIA A100-SXM4-80GB, 50925, 81920, 0
2026/05/16 05:57:11.588, 3, NVIDIA A100-SXM4-80GB, 50853, 81920, 0
2026/05/16 05:57:41.588, 0, NVIDIA A100-SXM4-80GB, 50877, 81920, 0
2026/05/16 05:57:41.588, 1, NVIDIA A100-SXM4-80GB, 50939, 81920, 0
2026/05/16 05:57:41.588, 2, NVIDIA A100-SXM4-80GB, 50925, 81920, 0
2026/05/16 05:57:41.588, 3, NVIDIA A100-SXM4-80GB, 50853, 81920, 0
2026/05/16 05:58:11.589, 0, NVIDIA A100-SXM4-80GB, 50877, 81920, 100
2026/05/16 05:58:11.589, 1, NVIDIA A100-SXM4-80GB, 50939, 81920, 100
2026/05/16 05:58:11.589, 2, NVIDIA A100-SXM4-80GB, 50925, 81920, 100
2026/05/16 05:58:11.589, 3, NVIDIA A100-SXM4-80GB, 50853, 81920, 100
2026/05/16 05:58:41.590, 0, NVIDIA A100-SXM4-80GB, 50877, 81920, 0
2026/05/16 05:58:41.590, 1, NVIDIA A100-SXM4-80GB, 50939, 81920, 0
2026/05/16 05:58:41.590, 2, NVIDIA A100-SXM4-80GB, 50925, 81920, 0
2026/05/16 05:58:41.590, 3, NVIDIA A100-SXM4-80GB, 50853, 81920, 0
2026/05/16 05:59:11.591, 0, NVIDIA A100-SXM4-80GB, 50877, 81920, 100
2026/05/16 05:59:11.591, 1, NVIDIA A100-SXM4-80GB, 50939, 81920, 100
2026/05/16 05:59:11.591, 2, NVIDIA A100-SXM4-80GB, 50925, 81920, 100
2026/05/16 05:59:11.591, 3, NVIDIA A100-SXM4-80GB, 50853, 81920, 100
2026/05/16 05:59:41.592, 0, NVIDIA A100-SXM4-80GB, 50877, 81920, 0
2026/05/16 05:59:41.592, 1, NVIDIA A100-SXM4-80GB, 50939, 81920, 0
2026/05/16 05:59:41.592, 2, NVIDIA A100-SXM4-80GB, 50925, 81920, 0
2026/05/16 05:59:41.592, 3, NVIDIA A100-SXM4-80GB, 50853, 81920, 0
2026/05/16 06:00:11.593, 0, NVIDIA A100-SXM4-80GB, 50877, 81920, 53
2026/05/16 06:00:11.593, 1, NVIDIA A100-SXM4-80GB, 50939, 81920, 0
2026/05/16 06:00:11.593, 2, NVIDIA A100-SXM4-80GB, 50925, 81920, 0
2026/05/16 06:00:11.593, 3, NVIDIA A100-SXM4-80GB, 50853, 81920, 0
2026/05/16 06:00:41.594, 0, NVIDIA A100-SXM4-80GB, 50877, 81920, 0
2026/05/16 06:00:41.594, 1, NVIDIA A100-SXM4-80GB, 50939, 81920, 0
2026/05/16 06:00:41.594, 2, NVIDIA A100-SXM4-80GB, 50925, 81920, 0
2026/05/16 06:00:41.594, 3, NVIDIA A100-SXM4-80GB, 50853, 81920, 0
