2026/05/16 01:39:30.619, 0, NVIDIA A100-SXM4-80GB, 0, 81920, 0
2026/05/16 01:39:30.620, 1, NVIDIA A100-SXM4-80GB, 0, 81920, 0
2026/05/16 01:39:30.621, 2, NVIDIA A100-SXM4-80GB, 0, 81920, 0
2026/05/16 01:39:30.623, 3, NVIDIA A100-SXM4-80GB, 0, 81920, 0
2026/05/16 01:40:00.625, 0, NVIDIA A100-SXM4-80GB, 53419, 81920, 100
2026/05/16 01:40:00.625, 1, NVIDIA A100-SXM4-80GB, 53491, 81920, 100
2026/05/16 01:40:00.625, 2, NVIDIA A100-SXM4-80GB, 53493, 81920, 99
2026/05/16 01:40:00.625, 3, NVIDIA A100-SXM4-80GB, 53419, 81920, 100
2026/05/16 01:40:30.625, 0, NVIDIA A100-SXM4-80GB, 53425, 81920, 0
2026/05/16 01:40:30.625, 1, NVIDIA A100-SXM4-80GB, 53495, 81920, 0
2026/05/16 01:40:30.625, 2, NVIDIA A100-SXM4-80GB, 53495, 81920, 0
2026/05/16 01:40:30.625, 3, NVIDIA A100-SXM4-80GB, 53423, 81920, 0
2026/05/16 01:41:00.626, 0, NVIDIA A100-SXM4-80GB, 53425, 81920, 0
2026/05/16 01:41:00.626, 1, NVIDIA A100-SXM4-80GB, 53495, 81920, 0
2026/05/16 01:41:00.626, 2, NVIDIA A100-SXM4-80GB, 53495, 81920, 0
2026/05/16 01:41:00.626, 3, NVIDIA A100-SXM4-80GB, 53423, 81920, 0
2026/05/16 01:41:30.627, 0, NVIDIA A100-SXM4-80GB, 53425, 81920, 77
2026/05/16 01:41:30.627, 1, NVIDIA A100-SXM4-80GB, 53495, 81920, 0
2026/05/16 01:41:30.627, 2, NVIDIA A100-SXM4-80GB, 53495, 81920, 0
2026/05/16 01:41:30.627, 3, NVIDIA A100-SXM4-80GB, 53423, 81920, 0
2026/05/16 01:42:00.628, 0, NVIDIA A100-SXM4-80GB, 53425, 81920, 0
2026/05/16 01:42:00.628, 1, NVIDIA A100-SXM4-80GB, 53495, 81920, 0
2026/05/16 01:42:00.628, 2, NVIDIA A100-SXM4-80GB, 53495, 81920, 0
2026/05/16 01:42:00.628, 3, NVIDIA A100-SXM4-80GB, 53423, 81920, 0
2026/05/16 01:42:30.629, 0, NVIDIA A100-SXM4-80GB, 53465, 81920, 0
2026/05/16 01:42:30.629, 1, NVIDIA A100-SXM4-80GB, 53495, 81920, 0
2026/05/16 01:42:30.629, 2, NVIDIA A100-SXM4-80GB, 53495, 81920, 0
2026/05/16 01:42:30.629, 3, NVIDIA A100-SXM4-80GB, 53423, 81920, 0
2026/05/16 01:43:00.629, 0, NVIDIA A100-SXM4-80GB, 53465, 81920, 0
2026/05/16 01:43:00.630, 1, NVIDIA A100-SXM4-80GB, 53495, 81920, 0
2026/05/16 01:43:00.630, 2, NVIDIA A100-SXM4-80GB, 53495, 81920, 0
2026/05/16 01:43:00.630, 3, NVIDIA A100-SXM4-80GB, 53423, 81920, 0
2026/05/16 01:43:30.630, 0, NVIDIA A100-SXM4-80GB, 53465, 81920, 99
2026/05/16 01:43:30.631, 1, NVIDIA A100-SXM4-80GB, 53495, 81920, 100
2026/05/16 01:43:30.631, 2, NVIDIA A100-SXM4-80GB, 53495, 81920, 100
2026/05/16 01:43:30.631, 3, NVIDIA A100-SXM4-80GB, 53423, 81920, 100
2026/05/16 01:44:00.631, 0, NVIDIA A100-SXM4-80GB, 53465, 81920, 0
2026/05/16 01:44:00.632, 1, NVIDIA A100-SXM4-80GB, 53495, 81920, 0
2026/05/16 01:44:00.632, 2, NVIDIA A100-SXM4-80GB, 53495, 81920, 0
2026/05/16 01:44:00.632, 3, NVIDIA A100-SXM4-80GB, 53423, 81920, 0
2026/05/16 01:44:30.633, 0, NVIDIA A100-SXM4-80GB, 53465, 81920, 87
2026/05/16 01:44:30.633, 1, NVIDIA A100-SXM4-80GB, 53495, 81920, 100
2026/05/16 01:44:30.633, 2, NVIDIA A100-SXM4-80GB, 53495, 81920, 100
2026/05/16 01:44:30.633, 3, NVIDIA A100-SXM4-80GB, 53423, 81920, 100
2026/05/16 01:45:00.633, 0, NVIDIA A100-SXM4-80GB, 53465, 81920, 89
2026/05/16 01:45:00.633, 1, NVIDIA A100-SXM4-80GB, 53495, 81920, 0
2026/05/16 01:45:00.633, 2, NVIDIA A100-SXM4-80GB, 53495, 81920, 0
2026/05/16 01:45:00.634, 3, NVIDIA A100-SXM4-80GB, 53423, 81920, 0
2026/05/16 01:45:30.635, 0, NVIDIA A100-SXM4-80GB, 53465, 81920, 0
2026/05/16 01:45:30.635, 1, NVIDIA A100-SXM4-80GB, 53495, 81920, 0
2026/05/16 01:45:30.635, 2, NVIDIA A100-SXM4-80GB, 53495, 81920, 0
2026/05/16 01:45:30.635, 3, NVIDIA A100-SXM4-80GB, 53423, 81920, 0
2026/05/16 01:46:00.635, 0, NVIDIA A100-SXM4-80GB, 53467, 81920, 0
2026/05/16 01:46:00.635, 1, NVIDIA A100-SXM4-80GB, 53495, 81920, 0
2026/05/16 01:46:00.635, 2, NVIDIA A100-SXM4-80GB, 53495, 81920, 0
2026/05/16 01:46:00.635, 3, NVIDIA A100-SXM4-80GB, 53423, 81920, 0
2026/05/16 01:46:30.636, 0, NVIDIA A100-SXM4-80GB, 53467, 81920, 0
2026/05/16 01:46:30.637, 1, NVIDIA A100-SXM4-80GB, 53495, 81920, 0
2026/05/16 01:46:30.637, 2, NVIDIA A100-SXM4-80GB, 53495, 81920, 0
2026/05/16 01:46:30.637, 3, NVIDIA A100-SXM4-80GB, 53423, 81920, 0
2026/05/16 01:47:00.637, 0, NVIDIA A100-SXM4-80GB, 53467, 81920, 99
2026/05/16 01:47:00.637, 1, NVIDIA A100-SXM4-80GB, 53495, 81920, 99
2026/05/16 01:47:00.637, 2, NVIDIA A100-SXM4-80GB, 53495, 81920, 99
2026/05/16 01:47:00.637, 3, NVIDIA A100-SXM4-80GB, 53423, 81920, 100
2026/05/16 01:47:30.638, 0, NVIDIA A100-SXM4-80GB, 53467, 81920, 0
2026/05/16 01:47:30.638, 1, NVIDIA A100-SXM4-80GB, 53495, 81920, 0
2026/05/16 01:47:30.638, 2, NVIDIA A100-SXM4-80GB, 53495, 81920, 0
2026/05/16 01:47:30.638, 3, NVIDIA A100-SXM4-80GB, 53423, 81920, 0
2026/05/16 01:48:00.639, 0, NVIDIA A100-SXM4-80GB, 53467, 81920, 100
2026/05/16 01:48:00.639, 1, NVIDIA A100-SXM4-80GB, 53495, 81920, 100
2026/05/16 01:48:00.639, 2, NVIDIA A100-SXM4-80GB, 53495, 81920, 100
2026/05/16 01:48:00.639, 3, NVIDIA A100-SXM4-80GB, 53423, 81920, 100
2026/05/16 01:48:30.640, 0, NVIDIA A100-SXM4-80GB, 53467, 81920, 77
2026/05/16 01:48:30.640, 1, NVIDIA A100-SXM4-80GB, 53495, 81920, 0
2026/05/16 01:48:30.640, 2, NVIDIA A100-SXM4-80GB, 53495, 81920, 0
2026/05/16 01:48:30.641, 3, NVIDIA A100-SXM4-80GB, 53423, 81920, 0
2026/05/16 01:49:00.642, 0, NVIDIA A100-SXM4-80GB, 53467, 81920, 0
2026/05/16 01:49:00.642, 1, NVIDIA A100-SXM4-80GB, 53495, 81920, 0
2026/05/16 01:49:00.642, 2, NVIDIA A100-SXM4-80GB, 53495, 81920, 0
2026/05/16 01:49:00.642, 3, NVIDIA A100-SXM4-80GB, 53423, 81920, 0
2026/05/16 01:49:30.643, 0, NVIDIA A100-SXM4-80GB, 53467, 81920, 0
2026/05/16 01:49:30.643, 1, NVIDIA A100-SXM4-80GB, 53495, 81920, 0
2026/05/16 01:49:30.643, 2, NVIDIA A100-SXM4-80GB, 53495, 81920, 0
2026/05/16 01:49:30.643, 3, NVIDIA A100-SXM4-80GB, 53423, 81920, 0
2026/05/16 01:50:00.643, 0, NVIDIA A100-SXM4-80GB, 53467, 81920, 0
2026/05/16 01:50:00.644, 1, NVIDIA A100-SXM4-80GB, 53495, 81920, 0
2026/05/16 01:50:00.644, 2, NVIDIA A100-SXM4-80GB, 53495, 81920, 0
2026/05/16 01:50:00.644, 3, NVIDIA A100-SXM4-80GB, 53423, 81920, 0
2026/05/16 01:50:30.645, 0, NVIDIA A100-SXM4-80GB, 53467, 81920, 100
2026/05/16 01:50:30.645, 1, NVIDIA A100-SXM4-80GB, 53495, 81920, 100
2026/05/16 01:50:30.646, 2, NVIDIA A100-SXM4-80GB, 53495, 81920, 100
2026/05/16 01:50:30.646, 3, NVIDIA A100-SXM4-80GB, 53423, 81920, 100
2026/05/16 01:51:00.647, 0, NVIDIA A100-SXM4-80GB, 53467, 81920, 0
2026/05/16 01:51:00.648, 1, NVIDIA A100-SXM4-80GB, 53495, 81920, 0
2026/05/16 01:51:00.648, 2, NVIDIA A100-SXM4-80GB, 53495, 81920, 0
2026/05/16 01:51:00.648, 3, NVIDIA A100-SXM4-80GB, 53423, 81920, 0
2026/05/16 01:51:30.648, 0, NVIDIA A100-SXM4-80GB, 53467, 81920, 99
2026/05/16 01:51:30.648, 1, NVIDIA A100-SXM4-80GB, 53495, 81920, 100
2026/05/16 01:51:30.648, 2, NVIDIA A100-SXM4-80GB, 53495, 81920, 99
2026/05/16 01:51:30.648, 3, NVIDIA A100-SXM4-80GB, 53423, 81920, 99
2026/05/16 01:52:00.649, 0, NVIDIA A100-SXM4-80GB, 53467, 81920, 0
2026/05/16 01:52:00.649, 1, NVIDIA A100-SXM4-80GB, 53495, 81920, 0
2026/05/16 01:52:00.649, 2, NVIDIA A100-SXM4-80GB, 53495, 81920, 0
2026/05/16 01:52:00.649, 3, NVIDIA A100-SXM4-80GB, 53423, 81920, 0
2026/05/16 01:52:30.650, 0, NVIDIA A100-SXM4-80GB, 53467, 81920, 0
2026/05/16 01:52:30.651, 1, NVIDIA A100-SXM4-80GB, 53495, 81920, 0
2026/05/16 01:52:30.651, 2, NVIDIA A100-SXM4-80GB, 53495, 81920, 0
2026/05/16 01:52:30.651, 3, NVIDIA A100-SXM4-80GB, 53423, 81920, 0
2026/05/16 01:53:00.652, 0, NVIDIA A100-SXM4-80GB, 53467, 81920, 3
2026/05/16 01:53:00.652, 1, NVIDIA A100-SXM4-80GB, 53495, 81920, 0
2026/05/16 01:53:00.652, 2, NVIDIA A100-SXM4-80GB, 53495, 81920, 0
2026/05/16 01:53:00.652, 3, NVIDIA A100-SXM4-80GB, 53423, 81920, 0
2026/05/16 01:53:30.652, 0, NVIDIA A100-SXM4-80GB, 53467, 81920, 0
2026/05/16 01:53:30.652, 1, NVIDIA A100-SXM4-80GB, 53495, 81920, 0
2026/05/16 01:53:30.652, 2, NVIDIA A100-SXM4-80GB, 53495, 81920, 0
2026/05/16 01:53:30.652, 3, NVIDIA A100-SXM4-80GB, 53423, 81920, 0
2026/05/16 01:54:00.652, 0, NVIDIA A100-SXM4-80GB, 53467, 81920, 99
2026/05/16 01:54:00.653, 1, NVIDIA A100-SXM4-80GB, 53495, 81920, 100
2026/05/16 01:54:00.653, 2, NVIDIA A100-SXM4-80GB, 53495, 81920, 99
2026/05/16 01:54:00.653, 3, NVIDIA A100-SXM4-80GB, 53423, 81920, 99
2026/05/16 01:54:30.653, 0, NVIDIA A100-SXM4-80GB, 53467, 81920, 0
2026/05/16 01:54:30.653, 1, NVIDIA A100-SXM4-80GB, 53495, 81920, 0
2026/05/16 01:54:30.653, 2, NVIDIA A100-SXM4-80GB, 53495, 81920, 0
2026/05/16 01:54:30.653, 3, NVIDIA A100-SXM4-80GB, 53423, 81920, 0
2026/05/16 01:55:00.654, 0, NVIDIA A100-SXM4-80GB, 53467, 81920, 100
2026/05/16 01:55:00.654, 1, NVIDIA A100-SXM4-80GB, 53495, 81920, 99
2026/05/16 01:55:00.655, 2, NVIDIA A100-SXM4-80GB, 53495, 81920, 100
2026/05/16 01:55:00.655, 3, NVIDIA A100-SXM4-80GB, 53423, 81920, 100
2026/05/16 01:55:30.655, 0, NVIDIA A100-SXM4-80GB, 53467, 81920, 0
2026/05/16 01:55:30.655, 1, NVIDIA A100-SXM4-80GB, 53495, 81920, 0
2026/05/16 01:55:30.655, 2, NVIDIA A100-SXM4-80GB, 53495, 81920, 0
2026/05/16 01:55:30.656, 3, NVIDIA A100-SXM4-80GB, 53423, 81920, 0
2026/05/16 01:56:00.656, 0, NVIDIA A100-SXM4-80GB, 53467, 81920, 0
2026/05/16 01:56:00.657, 1, NVIDIA A100-SXM4-80GB, 53495, 81920, 0
2026/05/16 01:56:00.657, 2, NVIDIA A100-SXM4-80GB, 53495, 81920, 0
2026/05/16 01:56:00.657, 3, NVIDIA A100-SXM4-80GB, 53423, 81920, 0
2026/05/16 01:56:30.658, 0, NVIDIA A100-SXM4-80GB, 53467, 81920, 100
2026/05/16 01:56:30.658, 1, NVIDIA A100-SXM4-80GB, 53495, 81920, 0
2026/05/16 01:56:30.658, 2, NVIDIA A100-SXM4-80GB, 53495, 81920, 0
2026/05/16 01:56:30.658, 3, NVIDIA A100-SXM4-80GB, 53423, 81920, 0
2026/05/16 01:57:00.659, 0, NVIDIA A100-SXM4-80GB, 53467, 81920, 0
2026/05/16 01:57:00.659, 1, NVIDIA A100-SXM4-80GB, 53495, 81920, 0
2026/05/16 01:57:00.659, 2, NVIDIA A100-SXM4-80GB, 53495, 81920, 0
2026/05/16 01:57:00.659, 3, NVIDIA A100-SXM4-80GB, 53423, 81920, 0
2026/05/16 01:57:30.661, 0, NVIDIA A100-SXM4-80GB, 53467, 81920, 98
2026/05/16 01:57:30.662, 1, NVIDIA A100-SXM4-80GB, 53495, 81920, 100
2026/05/16 01:57:30.662, 2, NVIDIA A100-SXM4-80GB, 53495, 81920, 98
2026/05/16 01:57:30.662, 3, NVIDIA A100-SXM4-80GB, 53423, 81920, 99
2026/05/16 01:58:00.663, 0, NVIDIA A100-SXM4-80GB, 53467, 81920, 0
2026/05/16 01:58:00.663, 1, NVIDIA A100-SXM4-80GB, 53495, 81920, 0
2026/05/16 01:58:00.663, 2, NVIDIA A100-SXM4-80GB, 53495, 81920, 0
2026/05/16 01:58:00.663, 3, NVIDIA A100-SXM4-80GB, 53423, 81920, 0
2026/05/16 01:58:30.664, 0, NVIDIA A100-SXM4-80GB, 53467, 81920, 0
2026/05/16 01:58:30.664, 1, NVIDIA A100-SXM4-80GB, 53495, 81920, 0
2026/05/16 01:58:30.664, 2, NVIDIA A100-SXM4-80GB, 53495, 81920, 0
2026/05/16 01:58:30.664, 3, NVIDIA A100-SXM4-80GB, 53423, 81920, 0
2026/05/16 01:59:00.664, 0, NVIDIA A100-SXM4-80GB, 53467, 81920, 99
2026/05/16 01:59:00.665, 1, NVIDIA A100-SXM4-80GB, 53495, 81920, 99
2026/05/16 01:59:00.665, 2, NVIDIA A100-SXM4-80GB, 53495, 81920, 99
2026/05/16 01:59:00.665, 3, NVIDIA A100-SXM4-80GB, 53423, 81920, 99
2026/05/16 01:59:30.665, 0, NVIDIA A100-SXM4-80GB, 53467, 81920, 0
2026/05/16 01:59:30.665, 1, NVIDIA A100-SXM4-80GB, 53495, 81920, 0
2026/05/16 01:59:30.665, 2, NVIDIA A100-SXM4-80GB, 53495, 81920, 0
2026/05/16 01:59:30.666, 3, NVIDIA A100-SXM4-80GB, 53423, 81920, 0
2026/05/16 02:00:00.666, 0, NVIDIA A100-SXM4-80GB, 53467, 81920, 85
2026/05/16 02:00:00.666, 1, NVIDIA A100-SXM4-80GB, 53495, 81920, 0
2026/05/16 02:00:00.666, 2, NVIDIA A100-SXM4-80GB, 53495, 81920, 0
2026/05/16 02:00:00.666, 3, NVIDIA A100-SXM4-80GB, 53423, 81920, 0
2026/05/16 02:00:30.667, 0, NVIDIA A100-SXM4-80GB, 53467, 81920, 0
2026/05/16 02:00:30.667, 1, NVIDIA A100-SXM4-80GB, 53495, 81920, 0
2026/05/16 02:00:30.667, 2, NVIDIA A100-SXM4-80GB, 53495, 81920, 0
2026/05/16 02:00:30.667, 3, NVIDIA A100-SXM4-80GB, 53423, 81920, 0
2026/05/16 02:01:00.668, 0, NVIDIA A100-SXM4-80GB, 53467, 81920, 100
2026/05/16 02:01:00.669, 1, NVIDIA A100-SXM4-80GB, 53495, 81920, 100
2026/05/16 02:01:00.670, 2, NVIDIA A100-SXM4-80GB, 53495, 81920, 100
2026/05/16 02:01:00.670, 3, NVIDIA A100-SXM4-80GB, 53423, 81920, 100
2026/05/16 02:01:30.672, 0, NVIDIA A100-SXM4-80GB, 53467, 81920, 0
2026/05/16 02:01:30.672, 1, NVIDIA A100-SXM4-80GB, 53495, 81920, 0
2026/05/16 02:01:30.672, 2, NVIDIA A100-SXM4-80GB, 53495, 81920, 0
2026/05/16 02:01:30.672, 3, NVIDIA A100-SXM4-80GB, 53423, 81920, 0
2026/05/16 02:02:00.673, 0, NVIDIA A100-SXM4-80GB, 53467, 81920, 100
2026/05/16 02:02:00.674, 1, NVIDIA A100-SXM4-80GB, 53495, 81920, 100
2026/05/16 02:02:00.674, 2, NVIDIA A100-SXM4-80GB, 53495, 81920, 100
2026/05/16 02:02:00.674, 3, NVIDIA A100-SXM4-80GB, 53423, 81920, 100
2026/05/16 02:02:30.674, 0, NVIDIA A100-SXM4-80GB, 53467, 81920, 99
2026/05/16 02:02:30.675, 1, NVIDIA A100-SXM4-80GB, 53495, 81920, 99
2026/05/16 02:02:30.675, 2, NVIDIA A100-SXM4-80GB, 53495, 81920, 100
2026/05/16 02:02:30.675, 3, NVIDIA A100-SXM4-80GB, 53423, 81920, 99
2026/05/16 02:03:00.676, 0, NVIDIA A100-SXM4-80GB, 53467, 81920, 0
2026/05/16 02:03:00.676, 1, NVIDIA A100-SXM4-80GB, 53495, 81920, 0
2026/05/16 02:03:00.676, 2, NVIDIA A100-SXM4-80GB, 53495, 81920, 0
2026/05/16 02:03:00.676, 3, NVIDIA A100-SXM4-80GB, 53423, 81920, 0
2026/05/16 02:03:30.677, 0, NVIDIA A100-SXM4-80GB, 53467, 81920, 33
2026/05/16 02:03:30.677, 1, NVIDIA A100-SXM4-80GB, 53495, 81920, 0
2026/05/16 02:03:30.677, 2, NVIDIA A100-SXM4-80GB, 53495, 81920, 0
2026/05/16 02:03:30.677, 3, NVIDIA A100-SXM4-80GB, 53423, 81920, 0
2026/05/16 02:04:00.678, 0, NVIDIA A100-SXM4-80GB, 53467, 81920, 0
2026/05/16 02:04:00.678, 1, NVIDIA A100-SXM4-80GB, 53495, 81920, 0
2026/05/16 02:04:00.678, 2, NVIDIA A100-SXM4-80GB, 53495, 81920, 0
2026/05/16 02:04:00.678, 3, NVIDIA A100-SXM4-80GB, 53423, 81920, 0
2026/05/16 02:04:30.678, 0, NVIDIA A100-SXM4-80GB, 53467, 81920, 99
2026/05/16 02:04:30.679, 1, NVIDIA A100-SXM4-80GB, 53495, 81920, 99
2026/05/16 02:04:30.679, 2, NVIDIA A100-SXM4-80GB, 53495, 81920, 99
2026/05/16 02:04:30.679, 3, NVIDIA A100-SXM4-80GB, 53423, 81920, 100
2026/05/16 02:05:00.680, 0, NVIDIA A100-SXM4-80GB, 53467, 81920, 0
2026/05/16 02:05:00.681, 1, NVIDIA A100-SXM4-80GB, 53495, 81920, 0
2026/05/16 02:05:00.681, 2, NVIDIA A100-SXM4-80GB, 53495, 81920, 0
2026/05/16 02:05:00.681, 3, NVIDIA A100-SXM4-80GB, 53423, 81920, 0
2026/05/16 02:05:30.682, 0, NVIDIA A100-SXM4-80GB, 53467, 81920, 99
2026/05/16 02:05:30.683, 1, NVIDIA A100-SXM4-80GB, 53495, 81920, 100
2026/05/16 02:05:30.683, 2, NVIDIA A100-SXM4-80GB, 53495, 81920, 100
2026/05/16 02:05:30.683, 3, NVIDIA A100-SXM4-80GB, 53423, 81920, 100
2026/05/16 02:06:00.683, 0, NVIDIA A100-SXM4-80GB, 53467, 81920, 100
2026/05/16 02:06:00.683, 1, NVIDIA A100-SXM4-80GB, 53495, 81920, 100
2026/05/16 02:06:00.683, 2, NVIDIA A100-SXM4-80GB, 53495, 81920, 100
2026/05/16 02:06:00.683, 3, NVIDIA A100-SXM4-80GB, 53423, 81920, 100
2026/05/16 02:06:30.685, 0, NVIDIA A100-SXM4-80GB, 53467, 81920, 0
2026/05/16 02:06:30.685, 1, NVIDIA A100-SXM4-80GB, 53495, 81920, 0
2026/05/16 02:06:30.685, 2, NVIDIA A100-SXM4-80GB, 53495, 81920, 0
2026/05/16 02:06:30.685, 3, NVIDIA A100-SXM4-80GB, 53423, 81920, 0
2026/05/16 02:07:00.686, 0, NVIDIA A100-SXM4-80GB, 53467, 81920, 76
2026/05/16 02:07:00.686, 1, NVIDIA A100-SXM4-80GB, 53495, 81920, 0
2026/05/16 02:07:00.686, 2, NVIDIA A100-SXM4-80GB, 53495, 81920, 0
2026/05/16 02:07:00.686, 3, NVIDIA A100-SXM4-80GB, 53423, 81920, 0
2026/05/16 02:07:30.686, 0, NVIDIA A100-SXM4-80GB, 53467, 81920, 0
2026/05/16 02:07:30.687, 1, NVIDIA A100-SXM4-80GB, 53495, 81920, 0
2026/05/16 02:07:30.687, 2, NVIDIA A100-SXM4-80GB, 53495, 81920, 0
2026/05/16 02:07:30.687, 3, NVIDIA A100-SXM4-80GB, 53423, 81920, 0
2026/05/16 02:08:00.687, 0, NVIDIA A100-SXM4-80GB, 53467, 81920, 100
2026/05/16 02:08:00.687, 1, NVIDIA A100-SXM4-80GB, 53495, 81920, 100
2026/05/16 02:08:00.688, 2, NVIDIA A100-SXM4-80GB, 53495, 81920, 100
2026/05/16 02:08:00.688, 3, NVIDIA A100-SXM4-80GB, 53423, 81920, 100
2026/05/16 02:08:30.689, 0, NVIDIA A100-SXM4-80GB, 53467, 81920, 0
2026/05/16 02:08:30.689, 1, NVIDIA A100-SXM4-80GB, 53495, 81920, 0
2026/05/16 02:08:30.689, 2, NVIDIA A100-SXM4-80GB, 53495, 81920, 0
2026/05/16 02:08:30.689, 3, NVIDIA A100-SXM4-80GB, 53423, 81920, 0
2026/05/16 02:09:00.690, 0, NVIDIA A100-SXM4-80GB, 53467, 81920, 99
2026/05/16 02:09:00.690, 1, NVIDIA A100-SXM4-80GB, 53495, 81920, 100
2026/05/16 02:09:00.690, 2, NVIDIA A100-SXM4-80GB, 53495, 81920, 100
2026/05/16 02:09:00.690, 3, NVIDIA A100-SXM4-80GB, 53423, 81920, 99
2026/05/16 02:09:30.691, 0, NVIDIA A100-SXM4-80GB, 53467, 81920, 100
2026/05/16 02:09:30.691, 1, NVIDIA A100-SXM4-80GB, 53495, 81920, 0
2026/05/16 02:09:30.691, 2, NVIDIA A100-SXM4-80GB, 53495, 81920, 0
2026/05/16 02:09:30.691, 3, NVIDIA A100-SXM4-80GB, 53423, 81920, 0
2026/05/16 02:10:00.692, 0, NVIDIA A100-SXM4-80GB, 53467, 81920, 0
2026/05/16 02:10:00.692, 1, NVIDIA A100-SXM4-80GB, 53495, 81920, 0
2026/05/16 02:10:00.692, 2, NVIDIA A100-SXM4-80GB, 53495, 81920, 0
2026/05/16 02:10:00.692, 3, NVIDIA A100-SXM4-80GB, 53423, 81920, 0
2026/05/16 02:10:30.693, 0, NVIDIA A100-SXM4-80GB, 53467, 81920, 0
2026/05/16 02:10:30.693, 1, NVIDIA A100-SXM4-80GB, 53495, 81920, 0
2026/05/16 02:10:30.693, 2, NVIDIA A100-SXM4-80GB, 53495, 81920, 0
2026/05/16 02:10:30.693, 3, NVIDIA A100-SXM4-80GB, 53423, 81920, 0
2026/05/16 02:11:00.693, 0, NVIDIA A100-SXM4-80GB, 53467, 81920, 0
2026/05/16 02:11:00.693, 1, NVIDIA A100-SXM4-80GB, 53495, 81920, 0
2026/05/16 02:11:00.693, 2, NVIDIA A100-SXM4-80GB, 53495, 81920, 0
2026/05/16 02:11:00.693, 3, NVIDIA A100-SXM4-80GB, 53423, 81920, 0
2026/05/16 02:11:30.694, 0, NVIDIA A100-SXM4-80GB, 53467, 81920, 99
2026/05/16 02:11:30.694, 1, NVIDIA A100-SXM4-80GB, 53495, 81920, 99
2026/05/16 02:11:30.694, 2, NVIDIA A100-SXM4-80GB, 53495, 81920, 100
2026/05/16 02:11:30.694, 3, NVIDIA A100-SXM4-80GB, 53423, 81920, 100
2026/05/16 02:12:00.694, 0, NVIDIA A100-SXM4-80GB, 53467, 81920, 0
2026/05/16 02:12:00.695, 1, NVIDIA A100-SXM4-80GB, 53495, 81920, 0
2026/05/16 02:12:00.695, 2, NVIDIA A100-SXM4-80GB, 53495, 81920, 0
2026/05/16 02:12:00.695, 3, NVIDIA A100-SXM4-80GB, 53423, 81920, 0
2026/05/16 02:12:30.696, 0, NVIDIA A100-SXM4-80GB, 53467, 81920, 100
2026/05/16 02:12:30.696, 1, NVIDIA A100-SXM4-80GB, 53495, 81920, 100
2026/05/16 02:12:30.696, 2, NVIDIA A100-SXM4-80GB, 53495, 81920, 100
2026/05/16 02:12:30.696, 3, NVIDIA A100-SXM4-80GB, 53423, 81920, 99
2026/05/16 02:13:00.697, 0, NVIDIA A100-SXM4-80GB, 53467, 81920, 0
2026/05/16 02:13:00.697, 1, NVIDIA A100-SXM4-80GB, 53495, 81920, 0
2026/05/16 02:13:00.697, 2, NVIDIA A100-SXM4-80GB, 53495, 81920, 0
2026/05/16 02:13:00.697, 3, NVIDIA A100-SXM4-80GB, 53423, 81920, 0
2026/05/16 02:13:30.698, 0, NVIDIA A100-SXM4-80GB, 53467, 81920, 0
2026/05/16 02:13:30.698, 1, NVIDIA A100-SXM4-80GB, 53495, 81920, 0
2026/05/16 02:13:30.698, 2, NVIDIA A100-SXM4-80GB, 53495, 81920, 0
2026/05/16 02:13:30.698, 3, NVIDIA A100-SXM4-80GB, 53423, 81920, 0
2026/05/16 02:14:00.699, 0, NVIDIA A100-SXM4-80GB, 53467, 81920, 0
2026/05/16 02:14:00.699, 1, NVIDIA A100-SXM4-80GB, 53495, 81920, 0
2026/05/16 02:14:00.699, 2, NVIDIA A100-SXM4-80GB, 53495, 81920, 0
2026/05/16 02:14:00.699, 3, NVIDIA A100-SXM4-80GB, 53423, 81920, 0
2026/05/16 02:14:30.699, 0, NVIDIA A100-SXM4-80GB, 53467, 81920, 0
2026/05/16 02:14:30.700, 1, NVIDIA A100-SXM4-80GB, 53495, 81920, 0
2026/05/16 02:14:30.700, 2, NVIDIA A100-SXM4-80GB, 53495, 81920, 0
2026/05/16 02:14:30.700, 3, NVIDIA A100-SXM4-80GB, 53423, 81920, 0
2026/05/16 02:15:00.701, 0, NVIDIA A100-SXM4-80GB, 53467, 81920, 100
2026/05/16 02:15:00.701, 1, NVIDIA A100-SXM4-80GB, 53495, 81920, 100
2026/05/16 02:15:00.701, 2, NVIDIA A100-SXM4-80GB, 53495, 81920, 99
2026/05/16 02:15:00.701, 3, NVIDIA A100-SXM4-80GB, 53423, 81920, 100
2026/05/16 02:15:30.701, 0, NVIDIA A100-SXM4-80GB, 53467, 81920, 0
2026/05/16 02:15:30.701, 1, NVIDIA A100-SXM4-80GB, 53495, 81920, 0
2026/05/16 02:15:30.702, 2, NVIDIA A100-SXM4-80GB, 53495, 81920, 0
2026/05/16 02:15:30.702, 3, NVIDIA A100-SXM4-80GB, 53423, 81920, 0
2026/05/16 02:16:00.703, 0, NVIDIA A100-SXM4-80GB, 53467, 81920, 100
2026/05/16 02:16:00.703, 1, NVIDIA A100-SXM4-80GB, 53495, 81920, 100
2026/05/16 02:16:00.703, 2, NVIDIA A100-SXM4-80GB, 53495, 81920, 100
2026/05/16 02:16:00.703, 3, NVIDIA A100-SXM4-80GB, 53423, 81920, 100
2026/05/16 02:16:30.704, 0, NVIDIA A100-SXM4-80GB, 53467, 81920, 0
2026/05/16 02:16:30.704, 1, NVIDIA A100-SXM4-80GB, 53495, 81920, 0
2026/05/16 02:16:30.704, 2, NVIDIA A100-SXM4-80GB, 53495, 81920, 0
2026/05/16 02:16:30.704, 3, NVIDIA A100-SXM4-80GB, 53423, 81920, 0
2026/05/16 02:17:00.704, 0, NVIDIA A100-SXM4-80GB, 53467, 81920, 81
2026/05/16 02:17:00.704, 1, NVIDIA A100-SXM4-80GB, 53495, 81920, 0
2026/05/16 02:17:00.704, 2, NVIDIA A100-SXM4-80GB, 53495, 81920, 0
2026/05/16 02:17:00.704, 3, NVIDIA A100-SXM4-80GB, 53423, 81920, 0
2026/05/16 02:17:30.705, 0, NVIDIA A100-SXM4-80GB, 53467, 81920, 0
2026/05/16 02:17:30.705, 1, NVIDIA A100-SXM4-80GB, 53495, 81920, 0
2026/05/16 02:17:30.705, 2, NVIDIA A100-SXM4-80GB, 53495, 81920, 0
2026/05/16 02:17:30.705, 3, NVIDIA A100-SXM4-80GB, 53423, 81920, 0
2026/05/16 02:18:00.706, 0, NVIDIA A100-SXM4-80GB, 53467, 81920, 100
2026/05/16 02:18:00.706, 1, NVIDIA A100-SXM4-80GB, 53495, 81920, 100
2026/05/16 02:18:00.706, 2, NVIDIA A100-SXM4-80GB, 53495, 81920, 100
2026/05/16 02:18:00.706, 3, NVIDIA A100-SXM4-80GB, 53423, 81920, 100
2026/05/16 02:18:30.706, 0, NVIDIA A100-SXM4-80GB, 53467, 81920, 0
2026/05/16 02:18:30.706, 1, NVIDIA A100-SXM4-80GB, 53495, 81920, 0
2026/05/16 02:18:30.706, 2, NVIDIA A100-SXM4-80GB, 53495, 81920, 0
2026/05/16 02:18:30.706, 3, NVIDIA A100-SXM4-80GB, 53423, 81920, 0
2026/05/16 02:19:00.707, 0, NVIDIA A100-SXM4-80GB, 53467, 81920, 0
2026/05/16 02:19:00.707, 1, NVIDIA A100-SXM4-80GB, 53495, 81920, 0
2026/05/16 02:19:00.707, 2, NVIDIA A100-SXM4-80GB, 53495, 81920, 0
2026/05/16 02:19:00.707, 3, NVIDIA A100-SXM4-80GB, 53423, 81920, 0
2026/05/16 02:19:30.707, 0, NVIDIA A100-SXM4-80GB, 53467, 81920, 99
2026/05/16 02:19:30.707, 1, NVIDIA A100-SXM4-80GB, 53495, 81920, 100
2026/05/16 02:19:30.707, 2, NVIDIA A100-SXM4-80GB, 53495, 81920, 99
2026/05/16 02:19:30.708, 3, NVIDIA A100-SXM4-80GB, 53423, 81920, 100
2026/05/16 02:20:00.708, 0, NVIDIA A100-SXM4-80GB, 53467, 81920, 0
2026/05/16 02:20:00.708, 1, NVIDIA A100-SXM4-80GB, 53495, 81920, 0
2026/05/16 02:20:00.708, 2, NVIDIA A100-SXM4-80GB, 53495, 81920, 0
2026/05/16 02:20:00.708, 3, NVIDIA A100-SXM4-80GB, 53423, 81920, 0
2026/05/16 02:20:30.709, 0, NVIDIA A100-SXM4-80GB, 53467, 81920, 72
2026/05/16 02:20:30.709, 1, NVIDIA A100-SXM4-80GB, 53495, 81920, 0
2026/05/16 02:20:30.709, 2, NVIDIA A100-SXM4-80GB, 53495, 81920, 0
2026/05/16 02:20:30.709, 3, NVIDIA A100-SXM4-80GB, 53423, 81920, 0
2026/05/16 02:21:00.709, 0, NVIDIA A100-SXM4-80GB, 53467, 81920, 0
2026/05/16 02:21:00.709, 1, NVIDIA A100-SXM4-80GB, 53495, 81920, 0
2026/05/16 02:21:00.709, 2, NVIDIA A100-SXM4-80GB, 53495, 81920, 0
2026/05/16 02:21:00.709, 3, NVIDIA A100-SXM4-80GB, 53423, 81920, 0
2026/05/16 02:21:30.710, 0, NVIDIA A100-SXM4-80GB, 53467, 81920, 100
2026/05/16 02:21:30.711, 1, NVIDIA A100-SXM4-80GB, 53495, 81920, 100
2026/05/16 02:21:30.711, 2, NVIDIA A100-SXM4-80GB, 53495, 81920, 100
2026/05/16 02:21:30.711, 3, NVIDIA A100-SXM4-80GB, 53423, 81920, 100
2026/05/16 02:22:00.712, 0, NVIDIA A100-SXM4-80GB, 53467, 81920, 0
2026/05/16 02:22:00.712, 1, NVIDIA A100-SXM4-80GB, 53495, 81920, 0
2026/05/16 02:22:00.712, 2, NVIDIA A100-SXM4-80GB, 53495, 81920, 0
2026/05/16 02:22:00.712, 3, NVIDIA A100-SXM4-80GB, 53423, 81920, 0
2026/05/16 02:22:30.713, 0, NVIDIA A100-SXM4-80GB, 53467, 81920, 0
2026/05/16 02:22:30.713, 1, NVIDIA A100-SXM4-80GB, 53495, 81920, 0
2026/05/16 02:22:30.713, 2, NVIDIA A100-SXM4-80GB, 53495, 81920, 0
2026/05/16 02:22:30.713, 3, NVIDIA A100-SXM4-80GB, 53423, 81920, 0
2026/05/16 02:23:00.713, 0, NVIDIA A100-SXM4-80GB, 53467, 81920, 99
2026/05/16 02:23:00.714, 1, NVIDIA A100-SXM4-80GB, 53495, 81920, 100
2026/05/16 02:23:00.714, 2, NVIDIA A100-SXM4-80GB, 53495, 81920, 99
2026/05/16 02:23:00.714, 3, NVIDIA A100-SXM4-80GB, 53423, 81920, 100
2026/05/16 02:23:30.714, 0, NVIDIA A100-SXM4-80GB, 53467, 81920, 0
2026/05/16 02:23:30.714, 1, NVIDIA A100-SXM4-80GB, 53495, 81920, 0
2026/05/16 02:23:30.714, 2, NVIDIA A100-SXM4-80GB, 53495, 81920, 0
2026/05/16 02:23:30.714, 3, NVIDIA A100-SXM4-80GB, 53423, 81920, 0
2026/05/16 02:24:00.715, 0, NVIDIA A100-SXM4-80GB, 53467, 81920, 100
2026/05/16 02:24:00.715, 1, NVIDIA A100-SXM4-80GB, 53495, 81920, 0
2026/05/16 02:24:00.715, 2, NVIDIA A100-SXM4-80GB, 53495, 81920, 0
2026/05/16 02:24:00.716, 3, NVIDIA A100-SXM4-80GB, 53423, 81920, 0
2026/05/16 02:24:30.716, 0, NVIDIA A100-SXM4-80GB, 53467, 81920, 0
2026/05/16 02:24:30.717, 1, NVIDIA A100-SXM4-80GB, 53495, 81920, 0
2026/05/16 02:24:30.717, 2, NVIDIA A100-SXM4-80GB, 53495, 81920, 0
2026/05/16 02:24:30.717, 3, NVIDIA A100-SXM4-80GB, 53423, 81920, 0
2026/05/16 02:25:00.717, 0, NVIDIA A100-SXM4-80GB, 53467, 81920, 100
2026/05/16 02:25:00.717, 1, NVIDIA A100-SXM4-80GB, 53495, 81920, 100
2026/05/16 02:25:00.717, 2, NVIDIA A100-SXM4-80GB, 53495, 81920, 100
2026/05/16 02:25:00.717, 3, NVIDIA A100-SXM4-80GB, 53423, 81920, 100
2026/05/16 02:25:30.719, 0, NVIDIA A100-SXM4-80GB, 53467, 81920, 0
2026/05/16 02:25:30.719, 1, NVIDIA A100-SXM4-80GB, 53495, 81920, 0
2026/05/16 02:25:30.719, 2, NVIDIA A100-SXM4-80GB, 53495, 81920, 0
2026/05/16 02:25:30.719, 3, NVIDIA A100-SXM4-80GB, 53423, 81920, 0
2026/05/16 02:26:00.719, 0, NVIDIA A100-SXM4-80GB, 53467, 81920, 100
2026/05/16 02:26:00.720, 1, NVIDIA A100-SXM4-80GB, 53495, 81920, 100
2026/05/16 02:26:00.721, 2, NVIDIA A100-SXM4-80GB, 53495, 81920, 100
2026/05/16 02:26:00.722, 3, NVIDIA A100-SXM4-80GB, 53423, 81920, 100
2026/05/16 02:26:30.722, 0, NVIDIA A100-SXM4-80GB, 53467, 81920, 0
2026/05/16 02:26:30.722, 1, NVIDIA A100-SXM4-80GB, 53495, 81920, 0
2026/05/16 02:26:30.723, 2, NVIDIA A100-SXM4-80GB, 53495, 81920, 0
2026/05/16 02:26:30.723, 3, NVIDIA A100-SXM4-80GB, 53423, 81920, 0
2026/05/16 02:27:00.723, 0, NVIDIA A100-SXM4-80GB, 53467, 81920, 66
2026/05/16 02:27:00.723, 1, NVIDIA A100-SXM4-80GB, 53495, 81920, 0
2026/05/16 02:27:00.723, 2, NVIDIA A100-SXM4-80GB, 53495, 81920, 0
2026/05/16 02:27:00.723, 3, NVIDIA A100-SXM4-80GB, 53423, 81920, 0
2026/05/16 02:27:30.724, 0, NVIDIA A100-SXM4-80GB, 53467, 81920, 0
2026/05/16 02:27:30.724, 1, NVIDIA A100-SXM4-80GB, 53495, 81920, 0
2026/05/16 02:27:30.724, 2, NVIDIA A100-SXM4-80GB, 53495, 81920, 0
2026/05/16 02:27:30.724, 3, NVIDIA A100-SXM4-80GB, 53423, 81920, 0
2026/05/16 02:28:00.725, 0, NVIDIA A100-SXM4-80GB, 53467, 81920, 100
2026/05/16 02:28:00.725, 1, NVIDIA A100-SXM4-80GB, 53495, 81920, 100
2026/05/16 02:28:00.725, 2, NVIDIA A100-SXM4-80GB, 53495, 81920, 100
2026/05/16 02:28:00.725, 3, NVIDIA A100-SXM4-80GB, 53423, 81920, 100
2026/05/16 02:28:30.726, 0, NVIDIA A100-SXM4-80GB, 53467, 81920, 36
2026/05/16 02:28:30.726, 1, NVIDIA A100-SXM4-80GB, 53495, 81920, 0
2026/05/16 02:28:30.726, 2, NVIDIA A100-SXM4-80GB, 53495, 81920, 0
2026/05/16 02:28:30.726, 3, NVIDIA A100-SXM4-80GB, 53423, 81920, 0
2026/05/16 02:29:00.727, 0, NVIDIA A100-SXM4-80GB, 53467, 81920, 0
2026/05/16 02:29:00.728, 1, NVIDIA A100-SXM4-80GB, 53495, 81920, 0
2026/05/16 02:29:00.728, 2, NVIDIA A100-SXM4-80GB, 53495, 81920, 0
2026/05/16 02:29:00.728, 3, NVIDIA A100-SXM4-80GB, 53423, 81920, 0
2026/05/16 02:29:30.728, 0, NVIDIA A100-SXM4-80GB, 53467, 81920, 100
2026/05/16 02:29:30.728, 1, NVIDIA A100-SXM4-80GB, 53495, 81920, 100
2026/05/16 02:29:30.728, 2, NVIDIA A100-SXM4-80GB, 53495, 81920, 100
2026/05/16 02:29:30.728, 3, NVIDIA A100-SXM4-80GB, 53423, 81920, 100
2026/05/16 02:30:00.729, 0, NVIDIA A100-SXM4-80GB, 53467, 81920, 0
2026/05/16 02:30:00.729, 1, NVIDIA A100-SXM4-80GB, 53495, 81920, 0
2026/05/16 02:30:00.729, 2, NVIDIA A100-SXM4-80GB, 53495, 81920, 0
2026/05/16 02:30:00.729, 3, NVIDIA A100-SXM4-80GB, 53423, 81920, 0
2026/05/16 02:30:30.730, 0, NVIDIA A100-SXM4-80GB, 53467, 81920, 49
2026/05/16 02:30:30.731, 1, NVIDIA A100-SXM4-80GB, 53495, 81920, 0
2026/05/16 02:30:30.731, 2, NVIDIA A100-SXM4-80GB, 53495, 81920, 0
2026/05/16 02:30:30.731, 3, NVIDIA A100-SXM4-80GB, 53423, 81920, 0
2026/05/16 02:31:00.731, 0, NVIDIA A100-SXM4-80GB, 53467, 81920, 0
2026/05/16 02:31:00.731, 1, NVIDIA A100-SXM4-80GB, 53495, 81920, 0
2026/05/16 02:31:00.732, 2, NVIDIA A100-SXM4-80GB, 53495, 81920, 0
2026/05/16 02:31:00.732, 3, NVIDIA A100-SXM4-80GB, 53423, 81920, 0
2026/05/16 02:31:30.732, 0, NVIDIA A100-SXM4-80GB, 53467, 81920, 100
2026/05/16 02:31:30.733, 1, NVIDIA A100-SXM4-80GB, 53495, 81920, 100
2026/05/16 02:31:30.733, 2, NVIDIA A100-SXM4-80GB, 53495, 81920, 100
2026/05/16 02:31:30.733, 3, NVIDIA A100-SXM4-80GB, 53423, 81920, 100
2026/05/16 02:32:00.734, 0, NVIDIA A100-SXM4-80GB, 53467, 81920, 0
2026/05/16 02:32:00.734, 1, NVIDIA A100-SXM4-80GB, 53495, 81920, 0
2026/05/16 02:32:00.734, 2, NVIDIA A100-SXM4-80GB, 53495, 81920, 0
2026/05/16 02:32:00.734, 3, NVIDIA A100-SXM4-80GB, 53423, 81920, 0
2026/05/16 02:32:30.735, 0, NVIDIA A100-SXM4-80GB, 53467, 81920, 100
2026/05/16 02:32:30.735, 1, NVIDIA A100-SXM4-80GB, 53495, 81920, 99
2026/05/16 02:32:30.735, 2, NVIDIA A100-SXM4-80GB, 53495, 81920, 100
2026/05/16 02:32:30.735, 3, NVIDIA A100-SXM4-80GB, 53423, 81920, 100
2026/05/16 02:33:00.736, 0, NVIDIA A100-SXM4-80GB, 53467, 81920, 93
2026/05/16 02:33:00.736, 1, NVIDIA A100-SXM4-80GB, 53495, 81920, 0
2026/05/16 02:33:00.736, 2, NVIDIA A100-SXM4-80GB, 53495, 81920, 0
2026/05/16 02:33:00.736, 3, NVIDIA A100-SXM4-80GB, 53423, 81920, 0
2026/05/16 02:33:30.737, 0, NVIDIA A100-SXM4-80GB, 53467, 81920, 0
2026/05/16 02:33:30.737, 1, NVIDIA A100-SXM4-80GB, 53495, 81920, 0
2026/05/16 02:33:30.737, 2, NVIDIA A100-SXM4-80GB, 53495, 81920, 0
2026/05/16 02:33:30.737, 3, NVIDIA A100-SXM4-80GB, 53423, 81920, 0
2026/05/16 02:34:00.738, 0, NVIDIA A100-SXM4-80GB, 53467, 81920, 0
2026/05/16 02:34:00.738, 1, NVIDIA A100-SXM4-80GB, 53495, 81920, 0
2026/05/16 02:34:00.738, 2, NVIDIA A100-SXM4-80GB, 53495, 81920, 0
2026/05/16 02:34:00.738, 3, NVIDIA A100-SXM4-80GB, 53423, 81920, 0
2026/05/16 02:34:30.738, 0, NVIDIA A100-SXM4-80GB, 53467, 81920, 100
2026/05/16 02:34:30.738, 1, NVIDIA A100-SXM4-80GB, 53495, 81920, 100
2026/05/16 02:34:30.738, 2, NVIDIA A100-SXM4-80GB, 53495, 81920, 100
2026/05/16 02:34:30.738, 3, NVIDIA A100-SXM4-80GB, 53423, 81920, 100
2026/05/16 02:35:00.739, 0, NVIDIA A100-SXM4-80GB, 53467, 81920, 0
2026/05/16 02:35:00.739, 1, NVIDIA A100-SXM4-80GB, 53495, 81920, 0
2026/05/16 02:35:00.739, 2, NVIDIA A100-SXM4-80GB, 53495, 81920, 0
2026/05/16 02:35:00.739, 3, NVIDIA A100-SXM4-80GB, 53423, 81920, 0
2026/05/16 02:35:30.740, 0, NVIDIA A100-SXM4-80GB, 53467, 81920, 0
2026/05/16 02:35:30.740, 1, NVIDIA A100-SXM4-80GB, 53495, 81920, 0
2026/05/16 02:35:30.740, 2, NVIDIA A100-SXM4-80GB, 53495, 81920, 0
2026/05/16 02:35:30.740, 3, NVIDIA A100-SXM4-80GB, 53423, 81920, 0
2026/05/16 02:36:00.741, 0, NVIDIA A100-SXM4-80GB, 53467, 81920, 100
2026/05/16 02:36:00.741, 1, NVIDIA A100-SXM4-80GB, 53495, 81920, 100
2026/05/16 02:36:00.741, 2, NVIDIA A100-SXM4-80GB, 53495, 81920, 100
2026/05/16 02:36:00.741, 3, NVIDIA A100-SXM4-80GB, 53423, 81920, 100
2026/05/16 02:36:30.742, 0, NVIDIA A100-SXM4-80GB, 53467, 81920, 0
2026/05/16 02:36:30.742, 1, NVIDIA A100-SXM4-80GB, 53495, 81920, 0
2026/05/16 02:36:30.742, 2, NVIDIA A100-SXM4-80GB, 53495, 81920, 0
2026/05/16 02:36:30.742, 3, NVIDIA A100-SXM4-80GB, 53423, 81920, 0
2026/05/16 02:37:00.743, 0, NVIDIA A100-SXM4-80GB, 53467, 81920, 100
2026/05/16 02:37:00.744, 1, NVIDIA A100-SXM4-80GB, 53495, 81920, 0
2026/05/16 02:37:00.744, 2, NVIDIA A100-SXM4-80GB, 53495, 81920, 0
2026/05/16 02:37:00.744, 3, NVIDIA A100-SXM4-80GB, 53423, 81920, 0
2026/05/16 02:37:30.744, 0, NVIDIA A100-SXM4-80GB, 53467, 81920, 0
2026/05/16 02:37:30.745, 1, NVIDIA A100-SXM4-80GB, 53495, 81920, 0
2026/05/16 02:37:30.745, 2, NVIDIA A100-SXM4-80GB, 53495, 81920, 0
2026/05/16 02:37:30.745, 3, NVIDIA A100-SXM4-80GB, 53423, 81920, 0
2026/05/16 02:38:00.745, 0, NVIDIA A100-SXM4-80GB, 53467, 81920, 99
2026/05/16 02:38:00.745, 1, NVIDIA A100-SXM4-80GB, 53495, 81920, 100
2026/05/16 02:38:00.745, 2, NVIDIA A100-SXM4-80GB, 53495, 81920, 100
2026/05/16 02:38:00.746, 3, NVIDIA A100-SXM4-80GB, 53423, 81920, 100
2026/05/16 02:38:30.746, 0, NVIDIA A100-SXM4-80GB, 53467, 81920, 0
2026/05/16 02:38:30.746, 1, NVIDIA A100-SXM4-80GB, 53495, 81920, 0
2026/05/16 02:38:30.746, 2, NVIDIA A100-SXM4-80GB, 53495, 81920, 0
2026/05/16 02:38:30.746, 3, NVIDIA A100-SXM4-80GB, 53423, 81920, 0
2026/05/16 02:39:00.747, 0, NVIDIA A100-SXM4-80GB, 53467, 81920, 0
2026/05/16 02:39:00.747, 1, NVIDIA A100-SXM4-80GB, 53495, 81920, 0
2026/05/16 02:39:00.747, 2, NVIDIA A100-SXM4-80GB, 53495, 81920, 0
2026/05/16 02:39:00.747, 3, NVIDIA A100-SXM4-80GB, 53423, 81920, 0
2026/05/16 02:39:30.748, 0, NVIDIA A100-SXM4-80GB, 53467, 81920, 99
2026/05/16 02:39:30.748, 1, NVIDIA A100-SXM4-80GB, 53495, 81920, 100
2026/05/16 02:39:30.748, 2, NVIDIA A100-SXM4-80GB, 53495, 81920, 100
2026/05/16 02:39:30.748, 3, NVIDIA A100-SXM4-80GB, 53423, 81920, 100
2026/05/16 02:40:00.749, 0, NVIDIA A100-SXM4-80GB, 53467, 81920, 0
2026/05/16 02:40:00.749, 1, NVIDIA A100-SXM4-80GB, 53495, 81920, 0
2026/05/16 02:40:00.749, 2, NVIDIA A100-SXM4-80GB, 53495, 81920, 0
2026/05/16 02:40:00.749, 3, NVIDIA A100-SXM4-80GB, 53423, 81920, 0
2026/05/16 02:40:30.750, 0, NVIDIA A100-SXM4-80GB, 53467, 81920, 96
2026/05/16 02:40:30.750, 1, NVIDIA A100-SXM4-80GB, 53495, 81920, 0
2026/05/16 02:40:30.750, 2, NVIDIA A100-SXM4-80GB, 53495, 81920, 0
2026/05/16 02:40:30.750, 3, NVIDIA A100-SXM4-80GB, 53423, 81920, 0
2026/05/16 02:41:00.752, 0, NVIDIA A100-SXM4-80GB, 53467, 81920, 0
2026/05/16 02:41:00.752, 1, NVIDIA A100-SXM4-80GB, 53495, 81920, 0
2026/05/16 02:41:00.752, 2, NVIDIA A100-SXM4-80GB, 53495, 81920, 0
2026/05/16 02:41:00.752, 3, NVIDIA A100-SXM4-80GB, 53423, 81920, 0
2026/05/16 02:41:30.753, 0, NVIDIA A100-SXM4-80GB, 53467, 81920, 100
2026/05/16 02:41:30.753, 1, NVIDIA A100-SXM4-80GB, 53495, 81920, 100
2026/05/16 02:41:30.754, 2, NVIDIA A100-SXM4-80GB, 53495, 81920, 100
2026/05/16 02:41:30.754, 3, NVIDIA A100-SXM4-80GB, 53423, 81920, 100
2026/05/16 02:42:00.755, 0, NVIDIA A100-SXM4-80GB, 53467, 81920, 0
2026/05/16 02:42:00.755, 1, NVIDIA A100-SXM4-80GB, 53495, 81920, 0
2026/05/16 02:42:00.755, 2, NVIDIA A100-SXM4-80GB, 53495, 81920, 0
2026/05/16 02:42:00.755, 3, NVIDIA A100-SXM4-80GB, 53423, 81920, 0
2026/05/16 02:42:30.756, 0, NVIDIA A100-SXM4-80GB, 53467, 81920, 100
2026/05/16 02:42:30.756, 1, NVIDIA A100-SXM4-80GB, 53495, 81920, 100
2026/05/16 02:42:30.756, 2, NVIDIA A100-SXM4-80GB, 53495, 81920, 100
2026/05/16 02:42:30.756, 3, NVIDIA A100-SXM4-80GB, 53423, 81920, 100
2026/05/16 02:43:00.757, 0, NVIDIA A100-SXM4-80GB, 53467, 81920, 21
2026/05/16 02:43:00.757, 1, NVIDIA A100-SXM4-80GB, 53495, 81920, 0
2026/05/16 02:43:00.757, 2, NVIDIA A100-SXM4-80GB, 53495, 81920, 0
2026/05/16 02:43:00.757, 3, NVIDIA A100-SXM4-80GB, 53423, 81920, 0
2026/05/16 02:43:30.757, 0, NVIDIA A100-SXM4-80GB, 53467, 81920, 100
2026/05/16 02:43:30.758, 1, NVIDIA A100-SXM4-80GB, 53495, 81920, 0
2026/05/16 02:43:30.758, 2, NVIDIA A100-SXM4-80GB, 53495, 81920, 0
2026/05/16 02:43:30.758, 3, NVIDIA A100-SXM4-80GB, 53423, 81920, 0
2026/05/16 02:44:00.758, 0, NVIDIA A100-SXM4-80GB, 53467, 81920, 0
2026/05/16 02:44:00.758, 1, NVIDIA A100-SXM4-80GB, 53495, 81920, 0
2026/05/16 02:44:00.758, 2, NVIDIA A100-SXM4-80GB, 53495, 81920, 0
2026/05/16 02:44:00.758, 3, NVIDIA A100-SXM4-80GB, 53423, 81920, 0
2026/05/16 02:44:30.759, 0, NVIDIA A100-SXM4-80GB, 53467, 81920, 0
2026/05/16 02:44:30.760, 1, NVIDIA A100-SXM4-80GB, 53495, 81920, 99
2026/05/16 02:44:30.760, 2, NVIDIA A100-SXM4-80GB, 53495, 81920, 99
2026/05/16 02:44:30.760, 3, NVIDIA A100-SXM4-80GB, 53423, 81920, 99
2026/05/16 02:45:00.761, 0, NVIDIA A100-SXM4-80GB, 53467, 81920, 100
2026/05/16 02:45:00.761, 1, NVIDIA A100-SXM4-80GB, 53495, 81920, 100
2026/05/16 02:45:00.761, 2, NVIDIA A100-SXM4-80GB, 53495, 81920, 100
2026/05/16 02:45:00.761, 3, NVIDIA A100-SXM4-80GB, 53423, 81920, 100
2026/05/16 02:45:30.762, 0, NVIDIA A100-SXM4-80GB, 53467, 81920, 0
2026/05/16 02:45:30.762, 1, NVIDIA A100-SXM4-80GB, 53495, 81920, 0
2026/05/16 02:45:30.762, 2, NVIDIA A100-SXM4-80GB, 53495, 81920, 0
2026/05/16 02:45:30.762, 3, NVIDIA A100-SXM4-80GB, 53423, 81920, 0
2026/05/16 02:46:00.763, 0, NVIDIA A100-SXM4-80GB, 53467, 81920, 100
2026/05/16 02:46:00.764, 1, NVIDIA A100-SXM4-80GB, 53495, 81920, 100
2026/05/16 02:46:00.764, 2, NVIDIA A100-SXM4-80GB, 53495, 81920, 99
2026/05/16 02:46:00.764, 3, NVIDIA A100-SXM4-80GB, 53423, 81920, 100
2026/05/16 02:46:30.765, 0, NVIDIA A100-SXM4-80GB, 53467, 81920, 0
2026/05/16 02:46:30.765, 1, NVIDIA A100-SXM4-80GB, 53495, 81920, 0
2026/05/16 02:46:30.765, 2, NVIDIA A100-SXM4-80GB, 53495, 81920, 0
2026/05/16 02:46:30.765, 3, NVIDIA A100-SXM4-80GB, 53423, 81920, 0
2026/05/16 02:47:00.766, 0, NVIDIA A100-SXM4-80GB, 53467, 81920, 77
2026/05/16 02:47:00.766, 1, NVIDIA A100-SXM4-80GB, 53495, 81920, 0
2026/05/16 02:47:00.766, 2, NVIDIA A100-SXM4-80GB, 53495, 81920, 0
2026/05/16 02:47:00.766, 3, NVIDIA A100-SXM4-80GB, 53423, 81920, 0
2026/05/16 02:47:30.767, 0, NVIDIA A100-SXM4-80GB, 53467, 81920, 0
2026/05/16 02:47:30.767, 1, NVIDIA A100-SXM4-80GB, 53495, 81920, 0
2026/05/16 02:47:30.767, 2, NVIDIA A100-SXM4-80GB, 53495, 81920, 0
2026/05/16 02:47:30.767, 3, NVIDIA A100-SXM4-80GB, 53423, 81920, 0
2026/05/16 02:48:00.767, 0, NVIDIA A100-SXM4-80GB, 53467, 81920, 98
2026/05/16 02:48:00.767, 1, NVIDIA A100-SXM4-80GB, 53495, 81920, 99
2026/05/16 02:48:00.767, 2, NVIDIA A100-SXM4-80GB, 53495, 81920, 98
2026/05/16 02:48:00.767, 3, NVIDIA A100-SXM4-80GB, 53423, 81920, 98
2026/05/16 02:48:30.768, 0, NVIDIA A100-SXM4-80GB, 53467, 81920, 0
2026/05/16 02:48:30.768, 1, NVIDIA A100-SXM4-80GB, 53495, 81920, 0
2026/05/16 02:48:30.768, 2, NVIDIA A100-SXM4-80GB, 53495, 81920, 0
2026/05/16 02:48:30.768, 3, NVIDIA A100-SXM4-80GB, 53423, 81920, 0
2026/05/16 02:49:00.769, 0, NVIDIA A100-SXM4-80GB, 53467, 81920, 0
2026/05/16 02:49:00.769, 1, NVIDIA A100-SXM4-80GB, 53495, 81920, 100
2026/05/16 02:49:00.769, 2, NVIDIA A100-SXM4-80GB, 53495, 81920, 100
2026/05/16 02:49:00.769, 3, NVIDIA A100-SXM4-80GB, 53423, 81920, 100
2026/05/16 02:49:30.770, 0, NVIDIA A100-SXM4-80GB, 53467, 81920, 100
2026/05/16 02:49:30.770, 1, NVIDIA A100-SXM4-80GB, 53495, 81920, 100
2026/05/16 02:49:30.770, 2, NVIDIA A100-SXM4-80GB, 53495, 81920, 100
2026/05/16 02:49:30.770, 3, NVIDIA A100-SXM4-80GB, 53423, 81920, 99
2026/05/16 02:50:00.771, 0, NVIDIA A100-SXM4-80GB, 53467, 81920, 0
2026/05/16 02:50:00.771, 1, NVIDIA A100-SXM4-80GB, 53495, 81920, 0
2026/05/16 02:50:00.771, 2, NVIDIA A100-SXM4-80GB, 53495, 81920, 0
2026/05/16 02:50:00.771, 3, NVIDIA A100-SXM4-80GB, 53423, 81920, 0
2026/05/16 02:50:30.772, 0, NVIDIA A100-SXM4-80GB, 53467, 81920, 0
2026/05/16 02:50:30.772, 1, NVIDIA A100-SXM4-80GB, 53495, 81920, 0
2026/05/16 02:50:30.773, 2, NVIDIA A100-SXM4-80GB, 53495, 81920, 0
2026/05/16 02:50:30.773, 3, NVIDIA A100-SXM4-80GB, 53423, 81920, 0
2026/05/16 02:51:00.773, 0, NVIDIA A100-SXM4-80GB, 53467, 81920, 0
2026/05/16 02:51:00.773, 1, NVIDIA A100-SXM4-80GB, 53495, 81920, 100
2026/05/16 02:51:00.773, 2, NVIDIA A100-SXM4-80GB, 53495, 81920, 100
2026/05/16 02:51:00.773, 3, NVIDIA A100-SXM4-80GB, 53423, 81920, 100
2026/05/16 02:51:30.774, 0, NVIDIA A100-SXM4-80GB, 53467, 81920, 100
2026/05/16 02:51:30.774, 1, NVIDIA A100-SXM4-80GB, 53495, 81920, 99
2026/05/16 02:51:30.774, 2, NVIDIA A100-SXM4-80GB, 53495, 81920, 100
2026/05/16 02:51:30.774, 3, NVIDIA A100-SXM4-80GB, 53423, 81920, 99
2026/05/16 02:52:00.775, 0, NVIDIA A100-SXM4-80GB, 53467, 81920, 0
2026/05/16 02:52:00.775, 1, NVIDIA A100-SXM4-80GB, 53495, 81920, 0
2026/05/16 02:52:00.775, 2, NVIDIA A100-SXM4-80GB, 53495, 81920, 0
2026/05/16 02:52:00.775, 3, NVIDIA A100-SXM4-80GB, 53423, 81920, 0
2026/05/16 02:52:30.776, 0, NVIDIA A100-SXM4-80GB, 53467, 81920, 99
2026/05/16 02:52:30.776, 1, NVIDIA A100-SXM4-80GB, 53495, 81920, 100
2026/05/16 02:52:30.776, 2, NVIDIA A100-SXM4-80GB, 53495, 81920, 100
2026/05/16 02:52:30.776, 3, NVIDIA A100-SXM4-80GB, 53423, 81920, 99
2026/05/16 02:53:00.777, 0, NVIDIA A100-SXM4-80GB, 53467, 81920, 0
2026/05/16 02:53:00.777, 1, NVIDIA A100-SXM4-80GB, 53495, 81920, 0
2026/05/16 02:53:00.777, 2, NVIDIA A100-SXM4-80GB, 53495, 81920, 0
2026/05/16 02:53:00.777, 3, NVIDIA A100-SXM4-80GB, 53423, 81920, 0
2026/05/16 02:53:30.778, 0, NVIDIA A100-SXM4-80GB, 53467, 81920, 100
2026/05/16 02:53:30.778, 1, NVIDIA A100-SXM4-80GB, 53495, 81920, 0
2026/05/16 02:53:30.778, 2, NVIDIA A100-SXM4-80GB, 53495, 81920, 0
2026/05/16 02:53:30.778, 3, NVIDIA A100-SXM4-80GB, 53423, 81920, 0
2026/05/16 02:54:00.779, 0, NVIDIA A100-SXM4-80GB, 53467, 81920, 0
2026/05/16 02:54:00.779, 1, NVIDIA A100-SXM4-80GB, 53495, 81920, 0
2026/05/16 02:54:00.779, 2, NVIDIA A100-SXM4-80GB, 53495, 81920, 0
2026/05/16 02:54:00.779, 3, NVIDIA A100-SXM4-80GB, 53423, 81920, 0
2026/05/16 02:54:30.780, 0, NVIDIA A100-SXM4-80GB, 53467, 81920, 99
2026/05/16 02:54:30.781, 1, NVIDIA A100-SXM4-80GB, 53495, 81920, 100
2026/05/16 02:54:30.782, 2, NVIDIA A100-SXM4-80GB, 53495, 81920, 100
2026/05/16 02:54:30.782, 3, NVIDIA A100-SXM4-80GB, 53423, 81920, 100
2026/05/16 02:55:00.784, 0, NVIDIA A100-SXM4-80GB, 53467, 81920, 0
2026/05/16 02:55:00.784, 1, NVIDIA A100-SXM4-80GB, 53495, 81920, 0
2026/05/16 02:55:00.784, 2, NVIDIA A100-SXM4-80GB, 53495, 81920, 0
2026/05/16 02:55:00.784, 3, NVIDIA A100-SXM4-80GB, 53423, 81920, 0
2026/05/16 02:55:30.785, 0, NVIDIA A100-SXM4-80GB, 53467, 81920, 0
2026/05/16 02:55:30.785, 1, NVIDIA A100-SXM4-80GB, 53495, 81920, 100
2026/05/16 02:55:30.785, 2, NVIDIA A100-SXM4-80GB, 53495, 81920, 100
2026/05/16 02:55:30.785, 3, NVIDIA A100-SXM4-80GB, 53423, 81920, 100
2026/05/16 02:56:00.785, 0, NVIDIA A100-SXM4-80GB, 53467, 81920, 100
2026/05/16 02:56:00.785, 1, NVIDIA A100-SXM4-80GB, 53495, 81920, 100
2026/05/16 02:56:00.785, 2, NVIDIA A100-SXM4-80GB, 53495, 81920, 100
2026/05/16 02:56:00.785, 3, NVIDIA A100-SXM4-80GB, 53423, 81920, 100
2026/05/16 02:56:30.786, 0, NVIDIA A100-SXM4-80GB, 53467, 81920, 1
2026/05/16 02:56:30.786, 1, NVIDIA A100-SXM4-80GB, 53495, 81920, 0
2026/05/16 02:56:30.787, 2, NVIDIA A100-SXM4-80GB, 53495, 81920, 0
2026/05/16 02:56:30.787, 3, NVIDIA A100-SXM4-80GB, 53423, 81920, 0
2026/05/16 02:57:00.787, 0, NVIDIA A100-SXM4-80GB, 53467, 81920, 0
2026/05/16 02:57:00.787, 1, NVIDIA A100-SXM4-80GB, 53495, 81920, 0
2026/05/16 02:57:00.787, 2, NVIDIA A100-SXM4-80GB, 53495, 81920, 0
2026/05/16 02:57:00.787, 3, NVIDIA A100-SXM4-80GB, 53423, 81920, 0
2026/05/16 02:57:30.788, 0, NVIDIA A100-SXM4-80GB, 53467, 81920, 100
2026/05/16 02:57:30.788, 1, NVIDIA A100-SXM4-80GB, 53495, 81920, 100
2026/05/16 02:57:30.788, 2, NVIDIA A100-SXM4-80GB, 53495, 81920, 100
2026/05/16 02:57:30.788, 3, NVIDIA A100-SXM4-80GB, 53423, 81920, 100
2026/05/16 02:58:00.789, 0, NVIDIA A100-SXM4-80GB, 53467, 81920, 68
2026/05/16 02:58:00.789, 1, NVIDIA A100-SXM4-80GB, 53495, 81920, 42
2026/05/16 02:58:00.789, 2, NVIDIA A100-SXM4-80GB, 53495, 81920, 100
2026/05/16 02:58:00.789, 3, NVIDIA A100-SXM4-80GB, 53423, 81920, 50
2026/05/16 02:58:30.791, 0, NVIDIA A100-SXM4-80GB, 53467, 81920, 4
2026/05/16 02:58:30.791, 1, NVIDIA A100-SXM4-80GB, 53495, 81920, 0
2026/05/16 02:58:30.791, 2, NVIDIA A100-SXM4-80GB, 53495, 81920, 0
2026/05/16 02:58:30.791, 3, NVIDIA A100-SXM4-80GB, 53423, 81920, 0
2026/05/16 02:59:00.792, 0, NVIDIA A100-SXM4-80GB, 53467, 81920, 99
2026/05/16 02:59:00.792, 1, NVIDIA A100-SXM4-80GB, 53495, 81920, 100
2026/05/16 02:59:00.792, 2, NVIDIA A100-SXM4-80GB, 53495, 81920, 100
2026/05/16 02:59:00.792, 3, NVIDIA A100-SXM4-80GB, 53423, 81920, 96
2026/05/16 02:59:30.793, 0, NVIDIA A100-SXM4-80GB, 53467, 81920, 0
2026/05/16 02:59:30.793, 1, NVIDIA A100-SXM4-80GB, 53495, 81920, 0
2026/05/16 02:59:30.793, 2, NVIDIA A100-SXM4-80GB, 53495, 81920, 0
2026/05/16 02:59:30.793, 3, NVIDIA A100-SXM4-80GB, 53423, 81920, 0
2026/05/16 03:00:00.794, 0, NVIDIA A100-SXM4-80GB, 53467, 81920, 89
2026/05/16 03:00:00.794, 1, NVIDIA A100-SXM4-80GB, 53495, 81920, 0
2026/05/16 03:00:00.794, 2, NVIDIA A100-SXM4-80GB, 53495, 81920, 0
2026/05/16 03:00:00.794, 3, NVIDIA A100-SXM4-80GB, 53423, 81920, 0
2026/05/16 03:00:30.794, 0, NVIDIA A100-SXM4-80GB, 53467, 81920, 0
2026/05/16 03:00:30.795, 1, NVIDIA A100-SXM4-80GB, 53495, 81920, 0
2026/05/16 03:00:30.795, 2, NVIDIA A100-SXM4-80GB, 53495, 81920, 0
2026/05/16 03:00:30.796, 3, NVIDIA A100-SXM4-80GB, 53423, 81920, 0
2026/05/16 03:01:00.797, 0, NVIDIA A100-SXM4-80GB, 53467, 81920, 99
2026/05/16 03:01:00.797, 1, NVIDIA A100-SXM4-80GB, 53495, 81920, 100
2026/05/16 03:01:00.797, 2, NVIDIA A100-SXM4-80GB, 53495, 81920, 100
2026/05/16 03:01:00.797, 3, NVIDIA A100-SXM4-80GB, 53423, 81920, 100
2026/05/16 03:01:30.797, 0, NVIDIA A100-SXM4-80GB, 53467, 81920, 0
2026/05/16 03:01:30.797, 1, NVIDIA A100-SXM4-80GB, 53495, 81920, 0
2026/05/16 03:01:30.797, 2, NVIDIA A100-SXM4-80GB, 53495, 81920, 0
2026/05/16 03:01:30.797, 3, NVIDIA A100-SXM4-80GB, 53423, 81920, 0
2026/05/16 03:02:00.798, 0, NVIDIA A100-SXM4-80GB, 53467, 81920, 99
2026/05/16 03:02:00.798, 1, NVIDIA A100-SXM4-80GB, 53495, 81920, 100
2026/05/16 03:02:00.798, 2, NVIDIA A100-SXM4-80GB, 53495, 81920, 100
2026/05/16 03:02:00.798, 3, NVIDIA A100-SXM4-80GB, 53423, 81920, 100
2026/05/16 03:02:30.799, 0, NVIDIA A100-SXM4-80GB, 53467, 81920, 43
2026/05/16 03:02:30.799, 1, NVIDIA A100-SXM4-80GB, 53495, 81920, 0
2026/05/16 03:02:30.799, 2, NVIDIA A100-SXM4-80GB, 53495, 81920, 0
2026/05/16 03:02:30.799, 3, NVIDIA A100-SXM4-80GB, 53423, 81920, 0
2026/05/16 03:03:00.799, 0, NVIDIA A100-SXM4-80GB, 53467, 81920, 0
2026/05/16 03:03:00.800, 1, NVIDIA A100-SXM4-80GB, 53495, 81920, 0
2026/05/16 03:03:00.800, 2, NVIDIA A100-SXM4-80GB, 53495, 81920, 0
2026/05/16 03:03:00.800, 3, NVIDIA A100-SXM4-80GB, 53423, 81920, 0
2026/05/16 03:03:30.800, 0, NVIDIA A100-SXM4-80GB, 53467, 81920, 0
2026/05/16 03:03:30.801, 1, NVIDIA A100-SXM4-80GB, 53495, 81920, 0
2026/05/16 03:03:30.801, 2, NVIDIA A100-SXM4-80GB, 53495, 81920, 0
2026/05/16 03:03:30.801, 3, NVIDIA A100-SXM4-80GB, 53423, 81920, 0
