fold,image_name,sample_type,is_defect_image,pred_has_positive,dice,iou,threshold,min_area,fp_pixel_count,largest_fp_component_area,pixel_precision,pixel_recall,pixel_f1,tp_pixel_count,fp_pixel_count_for_metric,fn_pixel_count,pred_pixel_count,target_pixel_count,component_recall_3px,component_precision_3px,component_f1_3px,boundary_f1_3px
0,camera052.png,defect,True,True,0.6767515926140513,0.5114320102148833,0.8,32,0,0,0.5279503105590062,0.9423503325942351,0.6767515923566879,425,380,26,805,451,1.0,1.0,1.0,0.8175095369008801
0,camera059.png,defect,True,True,0.6957878316714572,0.5334928233385224,0.8,32,0,0,0.7689655172413793,0.6353276353276354,0.6957878315132605,669,201,384,870,1053,1.0,1.0,1.0,0.7371416549479024
0,camera064.png,defect,True,True,0.7090213639603488,0.5492123139833484,0.8,32,0,0,0.6110307123331725,0.8444444444444444,0.7090213639332027,3800,2419,700,6219,4500,1.0,0.6666666666666666,0.8,0.6590363815142576
0,camera065.png,defect,True,True,0.915680732386611,0.8444752018526194,0.8,32,0,0,0.8717435824165357,0.9642819513223053,0.9156807323845019,18304,2693,678,20997,18982,1.0,1.0,1.0,0.6987171863678217
0,camera076.png,defect,True,True,0.4744680856654595,0.3110181320627362,0.8,32,0,0,0.33086053412462907,0.8383458646616542,0.474468085106383,223,451,43,674,266,1.0,0.3333333333333333,0.5,0.5820681370749775
0,camera095.png,defect,True,True,0.6649417856857157,0.498062016476624,0.8,32,0,0,0.7787878787878788,0.5801354401805869,0.6649417852522639,257,73,186,330,443,1.0,1.0,1.0,0.8191636665743561
0,camera109.png,defect,True,True,0.7776713641021109,0.6362211776055022,0.8,32,0,0,0.6637085474077534,0.9388833828873472,0.7776713640716925,2842,1440,185,4282,3027,1.0,1.0,1.0,0.7909882557053248
0,camera119.png,defect,True,True,0.8822502883882324,0.7893093411066785,0.8,32,0,0,0.8170711663836082,0.9587297505785549,0.8822502883847496,14914,3339,642,18253,15556,1.0,1.0,1.0,0.5861391710425238
0,camera126.png,defect,True,True,0.6404833840478515,0.4711111118946502,0.8,32,0,0,0.5264900662251656,0.8174807197943444,0.6404833836858006,318,286,71,604,389,1.0,0.5,0.6666666666666666,0.8138600602611316
0,camera135.png,defect,True,True,0.5798841060472093,0.4083357623409106,0.8,32,0,0,0.43334364367460565,0.8761726078799249,0.5798841059602649,1401,1832,198,3233,1599,1.0,0.5,0.6666666666666666,0.5671515322694535
0,camera139.png,defect,True,True,0.8941548183672374,0.8085714287081632,0.8,32,0,0,0.8185104844540854,0.9852045256744996,0.8941548183254344,1132,251,17,1383,1149,1.0,1.0,1.0,0.9896907216494846
0,camera146.png,defect,True,True,0.8680082081198117,0.7667972633315714,0.8,32,0,0,0.859249066247297,0.8769477696783254,0.8680082081154432,13113,2148,1840,15261,14953,1.0,1.0,1.0,0.6468300841971971
0,camera161.png,defect,True,True,0.8603104213634643,0.7548638134680312,0.8,32,0,0,0.7950819672131147,0.9371980676328503,0.8603104212860311,776,200,52,976,828,1.0,0.5,0.6666666666666666,0.7856889474484366
0,camera164.png,defect,True,True,0.7993003936163969,0.665695557417556,0.8,32,0,0,0.7455138662316476,0.8614514608859567,0.7993003935286401,914,312,147,1226,1061,1.0,1.0,1.0,0.9216824842949047
0,camera166.png,defect,True,True,0.7484516436997494,0.5980205559200531,0.8,32,0,0,0.619723865877712,0.9446782922429344,0.7484516436398285,1571,964,92,2535,1663,1.0,0.4,0.5714285714285715,0.7228915662650603
0,camera185.png,defect,True,True,0.8529765886353188,0.7436435736145212,0.8,32,0,0,0.7899562236722557,0.9269238224462105,0.8529765886287626,9564,2543,754,12107,10318,1.0,0.8,0.888888888888889,0.7051192404812673
0,camera188.png,defect,True,True,0.9401033749041948,0.8869764774027674,0.8,32,0,0,0.9335748792270532,0.9467238211879976,0.9401033748859836,1546,110,87,1656,1633,1.0,1.0,1.0,0.9751693002257337
0,camera191.png,defect,True,True,0.8494711148499015,0.7383309763248501,0.8,32,0,0,0.8220472440944881,0.8787878787878788,0.8494711147274207,522,113,72,635,594,1.0,1.0,1.0,0.9192534476877344
0,camera193.png,defect,True,True,0.8020271727623435,0.6694869487543678,0.8,32,0,0,0.7016981132075472,0.935832913940614,0.8020271727409963,3719,1581,255,5300,3974,1.0,1.0,1.0,0.6686141191294115
0,camera214.png,defect,True,True,0.8299619771992425,0.7093461588834855,0.8,32,0,0,0.7381306641417558,0.9478895257946848,0.8299619771863118,5457,1936,300,7393,5757,1.0,1.0,1.0,0.763040695727738
0,camera233.png,defect,True,True,0.7292006526389884,0.5738125805046131,0.8,32,0,0,0.9122448979591836,0.6073369565217391,0.7292006525285482,894,86,578,980,1472,1.0,1.0,1.0,0.8233387358184765
0,camera258.png,defect,True,True,0.9010159651956412,0.8198626519704899,0.8,32,0,0,0.9221628045157457,0.8808172531214529,0.9010159651669085,1552,131,210,1683,1762,1.0,1.0,1.0,0.9534883720930233
0,camera267.png,defect,True,True,0.8607136984277728,0.7554849885232433,0.8,32,0,0,0.8255520504731861,0.8990037787701821,0.8607136984048677,2617,553,294,3170,2911,1.0,1.0,1.0,0.8981738855071953
0,camera274.png,defect,True,True,0.7040971172927206,0.5433255280015795,0.8,32,0,0,0.7581699346405228,0.6572237960339944,0.7040971168437026,232,74,121,306,353,1.0,1.0,1.0,0.8638132295719844
0,camera275.png,defect,True,True,0.9131406806397996,0.8401645589151052,0.8,32,0,0,0.9404741599863551,0.8873511425812681,0.9131406806326074,5514,349,700,5863,6214,1.0,1.0,1.0,0.8661392169181458
0,camera280.png,defect,True,True,0.7596153847116927,0.6124031010255794,0.8,32,0,0,0.6795698924731183,0.8610354223433242,0.7596153846153846,948,447,153,1395,1101,1.0,1.0,1.0,0.8785358965603167
0,camera281.png,defect,True,True,0.9274230175344071,0.8646680216916779,0.8,32,0,0,0.8859770912877473,0.9729369163331427,0.9274230175311109,10210,1314,284,11524,10494,1.0,0.6666666666666666,0.8,0.8121989594028011
0,camera283.png,defect,True,True,0.8856536688941654,0.7947741596908122,0.8,32,0,0,0.8921149594694179,0.8792852992446252,0.8856536688858,6053,732,831,6785,6884,1.0,1.0,1.0,0.8358833250008586
0,camera285.png,defect,True,True,0.9050046339423066,0.8264917478516752,0.8,32,0,0,0.8672291296625222,0.9462209302325582,0.9050046339202966,1953,299,111,2252,2064,1.0,1.0,1.0,0.9490080002911402
0,camera288.png,defect,True,True,0.8429566389928203,0.7285436894258084,0.8,32,0,0,0.8613406795224977,0.8253409590849098,0.8429566389575376,1876,302,397,2178,2273,1.0,0.5,0.6666666666666666,0.8046741270642248
0,camera294.png,defect,True,True,0.16228162500923157,0.08830603606822746,0.8,32,0,0,0.40451206715634835,0.10150078988941548,0.16228162492106926,771,1135,6825,1906,7596,1.0,1.0,1.0,0.27894596752728246
0,camera296.png,defect,True,True,0.8600919280759579,0.7545274476687516,0.8,32,0,0,0.8976603265443528,0.8255417956656347,0.8600919280703169,10666,1216,2254,11882,12920,1.0,1.0,1.0,0.5808586194803258
0,phone203.png,defect,True,True,0.8206278028916729,0.6958174910725903,0.8,32,0,0,0.7290836653386454,0.9384615384615385,0.820627802690583,366,136,24,502,390,1.0,1.0,1.0,1.0
0,phone231.png,defect,True,True,0.8468013469303018,0.7343065697309393,0.8,32,0,0,0.7364568081991215,0.996039603960396,0.8468013468013468,503,180,2,683,505,1.0,1.0,1.0,0.9824561403508771
0,phone261.png,defect,True,True,0.4754098403654931,0.31182796438894667,0.8,32,0,0,0.8285714285714286,0.3333333333333333,0.47540983606557374,29,6,58,35,87,1.0,1.0,1.0,0.8181818181818181
0,phone305.png,defect,True,True,0.7766497467597722,0.6348547732993578,0.8,32,0,0,0.6652173913043479,0.9329268292682927,0.7766497461928934,153,77,11,230,164,1.0,1.0,1.0,1.0
0,phone357.png,defect,True,True,0.7884057977147658,0.6507177050204894,0.8,32,0,0,0.7120418848167539,0.8831168831168831,0.7884057971014493,136,55,18,191,154,1.0,1.0,1.0,1.0
0,phone367.png,defect,True,True,0.7328244285006701,0.5783132555523298,0.8,32,0,0,0.8067226890756303,0.6713286713286714,0.732824427480916,96,23,47,119,143,1.0,1.0,1.0,0.9873417721518987
0,phone444.png,defect,True,True,0.8495289367834377,0.7384183435945634,0.8,32,0,0,0.7866400797607178,0.9233469865418373,0.8495289367429341,1578,428,131,2006,1709,1.0,1.0,1.0,0.7169469598965071
0,phone480.png,defect,True,True,0.8303507517320324,0.7099143210404966,0.8,32,0,0,0.7923497267759563,0.8721804511278195,0.8303507516105941,580,152,85,732,665,1.0,1.0,1.0,0.871833084947839
0,phone562.png,defect,True,False,8.849557443809227e-09,8.849557443809227e-09,0.8,32,0,0,1.0,0.0,0.0,0,0,113,0,113,0.0,1.0,0.0,0.0
0,phone584.png,defect,True,True,0.7653399669297928,0.6198791137542786,0.8,32,0,0,0.9756871035940803,0.6296043656207367,0.7653399668325042,923,23,543,946,1466,1.0,1.0,1.0,0.6507770131704871
0,phone618.png,defect,True,True,0.9315068493820873,0.8717948720296798,0.8,32,0,0,0.8913857677902621,0.9754098360655737,0.9315068493150684,476,58,12,534,488,1.0,1.0,1.0,0.9952153110047847
0,phone626.png,defect,True,True,0.8824242425667584,0.7895878529510025,0.8,32,0,0,0.7964989059080962,0.9891304347826086,0.8824242424242424,364,93,4,457,368,1.0,1.0,1.0,1.0
0,phone684.png,defect,True,True,0.5285714319387754,0.35922330719200674,0.8,32,0,0,1.0,0.3592233009708738,0.5285714285714286,37,0,66,37,103,1.0,1.0,1.0,0.8367346938775511
0,phone696.png,defect,True,True,0.7828348505963363,0.6431623935436299,0.8,32,0,0,0.8624641833810889,0.7166666666666667,0.7828348504551366,602,96,238,698,840,1.0,1.0,1.0,0.7620073228516044
0,phone704.png,defect,True,True,0.8655959426326324,0.7630402388032187,0.8,32,0,0,0.8722316865417377,0.8590604026845637,0.8655959425190194,512,75,84,587,596,1.0,1.0,1.0,0.8634686346863468
0,phone714.png,defect,True,True,0.8590163939048643,0.7528735646386576,0.8,32,0,0,0.9776119402985075,0.7660818713450293,0.8590163934426229,131,3,40,134,171,1.0,1.0,1.0,0.9928057553956835
0,phone724.png,defect,True,True,0.8881199539929412,0.7987551871395121,0.8,32,0,0,0.8004158004158004,0.9974093264248705,0.8881199538638985,385,96,1,481,386,1.0,1.0,1.0,0.970442610652663
0,phone819.png,defect,True,True,0.557894739168975,0.38686131834407794,0.8,32,0,0,0.9298245614035088,0.39849624060150374,0.5578947368421052,53,4,80,57,133,1.0,1.0,1.0,0.7804878048780487
0,phone861.png,defect,True,True,0.7055737706848697,0.5450861200151104,0.8,32,0,0,0.6977950713359273,0.713527851458886,0.7055737704918033,538,233,216,771,754,1.0,1.0,1.0,0.6273667861955554
0,phone919.png,defect,True,True,0.7741935486078264,0.6315789479560144,0.8,32,0,0,0.7388059701492538,0.813141683778234,0.7741935483870968,396,140,91,536,487,1.0,1.0,1.0,0.9201520912547528
0,phone935.png,defect,True,True,0.8545034643152398,0.7459677422769251,0.8,32,0,0,0.8258928571428571,0.8851674641148325,0.8545034642032333,555,117,72,672,627,1.0,1.0,1.0,0.9368029739776953
0,phone959.png,defect,True,True,0.8818342152717511,0.7886435334563983,0.8,32,0,0,0.7911392405063291,0.9960159362549801,0.8818342151675485,500,132,2,632,502,1.0,1.0,1.0,0.9915229676858427
0,camera002.png,normal,False,False,0.0,0.0,0.8,32,0,0,1.0,1.0,1.0,0,0,0,0,0,0.0,0.0,0.0,0.0
0,camera019.png,normal,False,False,0.0,0.0,0.8,32,0,0,1.0,1.0,1.0,0,0,0,0,0,0.0,0.0,0.0,0.0
0,camera068.png,normal,False,False,0.0,0.0,0.8,32,0,0,1.0,1.0,1.0,0,0,0,0,0,0.0,0.0,0.0,0.0
0,camera072.png,normal,False,False,0.0,0.0,0.8,32,0,0,1.0,1.0,1.0,0,0,0,0,0,0.0,0.0,0.0,0.0
0,camera073.png,normal,False,False,0.0,0.0,0.8,32,0,0,1.0,1.0,1.0,0,0,0,0,0,0.0,0.0,0.0,0.0
0,camera092.png,normal,False,False,0.0,0.0,0.8,32,0,0,1.0,1.0,1.0,0,0,0,0,0,0.0,0.0,0.0,0.0
0,camera114.png,normal,False,True,0.0,0.0,0.8,32,104,104,0.0,1.0,0.0,0,104,0,104,0,0.0,0.0,0.0,0.0
0,camera118.png,normal,False,False,0.0,0.0,0.8,32,0,0,1.0,1.0,1.0,0,0,0,0,0,0.0,0.0,0.0,0.0
0,phone044.png,normal,False,False,0.0,0.0,0.8,32,0,0,1.0,1.0,1.0,0,0,0,0,0,0.0,0.0,0.0,0.0
0,phone082.png,normal,False,False,0.0,0.0,0.8,32,0,0,1.0,1.0,1.0,0,0,0,0,0,0.0,0.0,0.0,0.0
0,phone090.png,normal,False,False,0.0,0.0,0.8,32,0,0,1.0,1.0,1.0,0,0,0,0,0,0.0,0.0,0.0,0.0
0,phone146.png,normal,False,False,0.0,0.0,0.8,32,0,0,1.0,1.0,1.0,0,0,0,0,0,0.0,0.0,0.0,0.0
0,phone199.png,normal,False,False,0.0,0.0,0.8,32,0,0,1.0,1.0,1.0,0,0,0,0,0,0.0,0.0,0.0,0.0
0,phone211.png,normal,False,False,0.0,0.0,0.8,32,0,0,1.0,1.0,1.0,0,0,0,0,0,0.0,0.0,0.0,0.0
0,phone259.png,normal,False,False,0.0,0.0,0.8,32,0,0,1.0,1.0,1.0,0,0,0,0,0,0.0,0.0,0.0,0.0
0,phone291.png,normal,False,False,0.0,0.0,0.8,32,0,0,1.0,1.0,1.0,0,0,0,0,0,0.0,0.0,0.0,0.0
1,camera011.png,defect,True,True,0.8437297520266401,0.729699439660754,0.8,32,0,0,0.793573407202216,0.9006539235412475,0.8437297520174354,7162,1863,790,9025,7952,1.0,1.0,1.0,0.6899362679709501
1,camera029.png,defect,True,True,0.779403489088519,0.6385431075894223,0.8,32,0,0,0.6775929549902152,0.9172185430463576,0.7794034890264491,1385,659,125,2044,1510,1.0,1.0,1.0,0.8128740729306269
1,camera080.png,defect,True,True,0.88485165338366,0.7934833567906326,0.8,32,0,0,0.8765645230902028,0.8932969739619986,0.8848516533786434,10155,1430,1213,11585,11368,1.0,1.0,1.0,0.7550770524743253
1,camera084.png,defect,True,True,0.7145510836502473,0.5558766860771109,0.8,32,0,0,0.7783273381294964,0.6604349484929416,0.7145510835913312,1731,493,890,2224,2621,1.0,1.0,1.0,0.7864171846064909
1,camera087.png,defect,True,True,0.376812624417941,0.23214363918405329,0.8,32,0,0,0.23380231994001677,0.9703459637561779,0.3768126243957919,5301,17372,162,22673,5463,1.0,0.3333333333333333,0.5,0.3482982844493636
1,camera093.png,defect,True,True,0.8127519238502191,0.6845679014292791,0.8,32,0,0,0.7358991373589914,0.9075286415711947,0.812751923781605,1109,398,113,1507,1222,1.0,0.5,0.6666666666666666,0.7600352520988913
1,camera115.png,defect,True,True,0.6769774636867091,0.5116900470863793,0.8,32,0,0,0.5221540558963872,0.9623115577889447,0.6769774635439681,766,701,30,1467,796,1.0,0.5,0.6666666666666666,0.6063221000999183
1,camera137.png,defect,True,True,0.8091030261238533,0.6794064002918748,0.8,32,0,0,0.7718752943392672,0.850103734439834,0.8091030261144296,8195,2422,1445,10617,9640,1.0,0.5,0.6666666666666666,0.5516383666915712
1,camera141.png,defect,True,True,0.762662201857404,0.6163734779320883,0.8,32,0,0,0.6235455167693361,0.9816810344827587,0.7626622017580578,911,550,17,1461,928,1.0,1.0,1.0,0.6027657266811279
1,camera144.png,defect,True,True,0.8637284994577096,0.7601427115433086,0.8,32,0,0,0.8340230399284196,0.8956281527744415,0.8637284994498176,7457,1484,869,8941,8326,0.6666666666666666,1.0,0.8,0.7100360410807688
1,camera154.png,defect,True,True,0.9198150445502118,0.8515347671851093,0.8,32,0,0,0.897776473178249,0.942962848774472,0.9198150445471974,12234,1393,740,13627,12974,1.0,1.0,1.0,0.7645237792886636
1,camera178.png,defect,True,True,0.20873786599820907,0.11653116770587758,0.8,32,0,0,1.0,0.11653116531165311,0.2087378640776699,43,0,326,43,369,1.0,1.0,1.0,0.3187250996015936
1,camera202.png,defect,True,True,0.9234181343803689,0.8577314590517263,0.8,32,0,0,0.8741869081926719,0.9785253456221198,0.9234181343770385,10617,1528,233,12145,10850,1.0,1.0,1.0,0.7944482011624847
1,camera203.png,defect,True,True,0.8694989199089542,0.7691270138801704,0.8,32,0,0,0.8366481904140854,0.9050348293801252,0.8694989199034266,10264,2004,1077,12268,11341,1.0,1.0,1.0,0.7027497154950386
1,camera206.png,defect,True,True,0.9168449789745132,0.8464577656780342,0.8,32,0,0,0.8598117907556048,0.9819819819819819,0.9168449789714455,12426,2026,228,14452,12654,1.0,1.0,1.0,0.7533447085317626
1,camera209.png,defect,True,True,0.9082384460868365,0.8319018405079855,0.8,32,0,0,0.8696023941855494,0.9504672897196261,0.9082384460817147,8136,1220,424,9356,8560,1.0,1.0,1.0,0.8206005168528202
1,camera211.png,defect,True,True,0.8866304538352532,0.7963487567100673,0.8,32,0,0,0.8699140401146132,0.9040019056693663,0.8866304538286315,7590,1135,806,8725,8396,1.0,1.0,1.0,0.7874592786588234
1,camera212.png,defect,True,True,0.8574580615900108,0.7504827899721411,0.8,32,0,0,0.8863026562919238,0.8304317767582176,0.8574580615853856,13213,1695,2698,14908,15911,1.0,1.0,1.0,0.7073297806577419
1,camera222.png,defect,True,True,0.7941176471964454,0.6585365857444162,0.8,32,0,0,0.7846763540290621,0.803788903924222,0.7941176470588235,594,163,145,757,739,1.0,1.0,1.0,0.9521739130434783
1,camera230.png,defect,True,True,0.7165037379433561,0.5582437279944052,0.8,32,0,0,0.5582437275985663,1.0,0.7165037377803335,623,493,0,1116,623,1.0,1.0,1.0,0.8036460832019738
1,camera236.png,defect,True,True,0.8390382565534148,0.7227096511199032,0.8,32,0,0,0.77058631567497,0.9208371246587808,0.8390382565438825,7084,2109,609,9193,7693,1.0,1.0,1.0,0.7263166581846691
1,camera239.png,defect,True,True,0.8980910425993993,0.8150319829917292,0.8,32,0,0,0.8677639046538025,0.9306147291539866,0.8980910425844346,3058,466,228,3524,3286,0.6666666666666666,1.0,0.8,0.9309434174299039
1,camera246.png,defect,True,True,0.880440575611931,0.7864170105406484,0.8,32,0,0,0.8916876574307305,0.8694736842105263,0.8804405755906911,2478,301,372,2779,2850,1.0,1.0,1.0,0.9394620693870245
1,camera247.png,defect,True,True,0.8647072654660377,0.7616601773041455,0.8,32,0,0,0.8078376241103594,0.9301902063941724,0.8647072654596756,9194,2187,690,11381,9884,0.6666666666666666,1.0,0.8,0.6062738199941367
1,camera248.png,defect,True,True,0.8459016394284691,0.7329545457074294,0.8,32,0,0,0.774,0.9325301204819277,0.8459016393442623,774,226,56,1000,830,1.0,1.0,1.0,0.9687850168080678
1,camera250.png,defect,True,True,0.8977867084336223,0.8145308311091405,0.8,32,0,0,0.8906543151969981,0.9050342567768841,0.8977867084306019,15191,1865,1594,17056,16785,1.0,1.0,1.0,0.774914821922181
1,camera254.png,defect,True,True,0.9147324700760608,0.8428635749839191,0.8,32,0,0,0.8964443912366814,0.9337822671156004,0.9147324700708527,7488,865,531,8353,8019,1.0,1.0,1.0,0.8742309679237308
1,camera270.png,defect,True,True,0.756248162376875,0.6080378252444266,0.8,32,0,0,0.6083254493850521,0.9992229992229992,0.7562481623052043,1286,828,1,2114,1287,1.0,0.5,0.6666666666666666,0.5948967676215559
1,camera276.png,defect,True,True,0.8975766755113994,0.8141851279728345,0.8,32,0,0,0.8330697592690213,0.9729119638826185,0.897576675501704,4741,950,132,5691,4873,1.0,1.0,1.0,0.8417255522063547
1,camera290.png,defect,True,True,0.8016975308896994,0.6690276884161778,0.8,32,0,0,0.7409080104587592,0.8733538806388345,0.8016975308641975,3117,1090,452,4207,3569,1.0,0.75,0.8571428571428571,0.7447439682974715
1,camera293.png,defect,True,True,0.890654875720284,0.802865452989181,0.8,32,0,0,0.8321330877016692,0.9580307217687513,0.8906548757170172,14906,3007,653,17913,15559,0.75,0.75,0.75,0.7375302193168518
1,camera299.png,defect,True,True,0.8171482710049387,0.6908289949175695,0.8,32,0,0,0.7131045886730054,0.956738768718802,0.8171482709616296,1725,694,78,2419,1803,1.0,0.5,0.6666666666666666,0.7495243179609326
1,phone040.png,defect,True,True,0.9241960184057443,0.859074733196388,0.8,32,0,0,0.9617529880478087,0.8894620486366986,0.9241960183767228,1207,48,150,1255,1357,1.0,1.0,1.0,0.9518987341772152
1,phone048.png,defect,True,True,0.795918367607247,0.6610169498707268,0.8,32,0,0,0.6812227074235808,0.9570552147239264,0.7959183673469388,312,146,14,458,326,1.0,1.0,1.0,0.8856118791602663
1,phone084.png,defect,True,True,0.7601078173582,0.6130434799432892,0.8,32,0,0,0.6238938053097345,0.9724137931034482,0.7601078167115903,141,85,4,226,145,1.0,1.0,1.0,1.0
1,phone193.png,defect,True,True,0.6925795063866449,0.5297297322717311,0.8,32,0,0,0.6012269938650306,0.8166666666666667,0.6925795053003534,98,65,22,163,120,1.0,0.5,0.6666666666666666,0.845298281092012
1,phone223.png,defect,True,True,0.6859205777793086,0.5219780223532354,0.8,32,0,0,0.5797733217088056,0.8396464646464646,0.6859205776173285,665,482,127,1147,792,1.0,0.5,0.6666666666666666,0.6753264819934964
1,phone243.png,defect,True,True,0.8266253872652858,0.7044854889063707,0.8,32,0,0,0.7082228116710876,0.9925650557620818,0.826625386996904,267,110,2,377,269,1.0,1.0,1.0,1.0
1,phone251.png,defect,True,True,0.32973503467628307,0.19741480658201244,0.8,32,0,0,0.6098003629764065,0.22595830531271016,0.3297350343473994,336,215,1151,551,1487,1.0,1.0,1.0,0.4298603760270175
1,phone337.png,defect,True,True,0.4299516921981843,0.27384615608047336,0.8,32,0,0,0.30584192439862545,0.7235772357723578,0.42995169082125606,89,202,34,291,123,1.0,0.5,0.6666666666666666,0.5654214746724037
1,phone401.png,defect,True,True,0.8265993267452867,0.7044476331356562,0.8,32,0,0,0.7220588235294118,0.9665354330708661,0.8265993265993266,491,189,17,680,508,1.0,1.0,1.0,0.9263704184236135
1,phone430.png,defect,True,True,0.8339552240354895,0.71520000045568,0.8,32,0,0,0.7198067632850241,0.991130820399113,0.8339552238805971,447,174,4,621,451,1.0,1.0,1.0,1.0
1,phone534.png,defect,True,True,0.7345679013711071,0.5804878052191156,0.8,32,0,0,0.6197916666666666,0.9015151515151515,0.7345679012345679,714,438,78,1152,792,1.0,1.0,1.0,0.6838039761934912
1,phone546.png,defect,True,True,0.9074964639582754,0.8306576904035952,0.8,32,0,0,0.930934416715032,0.8852097130242825,0.9074964639321075,1604,119,208,1723,1812,1.0,1.0,1.0,0.9086665417312639
1,phone564.png,defect,True,True,0.8889841406390981,0.8001543211418563,0.8,32,0,0,0.85,0.9317160826594789,0.8889841405915131,1037,183,76,1220,1113,1.0,1.0,1.0,0.9080963649765296
1,phone636.png,defect,True,True,0.8882175229963217,0.7989130445711248,0.8,32,0,0,0.8802395209580839,0.8963414634146342,0.8882175226586103,147,20,17,167,164,1.0,1.0,1.0,1.0
1,phone638.png,defect,True,True,0.901750972786539,0.8210806023821611,0.8,32,0,0,0.9070450097847358,0.8965183752417795,0.9017509727626459,1854,190,214,2044,2068,1.0,1.0,1.0,0.9097503334347287
1,phone646.png,defect,True,True,0.8388278391230259,0.7223974772164118,0.8,32,0,0,0.7582781456953642,0.9385245901639344,0.8388278388278388,229,73,15,302,244,1.0,1.0,1.0,1.0
1,phone732.png,defect,True,True,0.819905213696907,0.6947791176916501,0.8,32,0,0,0.7061224489795919,0.9774011299435028,0.8199052132701422,173,72,4,245,177,1.0,1.0,1.0,1.0
1,phone762.png,defect,True,True,0.8892380205112035,0.8005657711448858,0.8,32,0,0,0.8460388639760837,0.9370860927152318,0.8892380204241949,566,103,38,669,604,1.0,1.0,1.0,0.996389891696751
1,phone770.png,defect,True,True,0.8698884759573526,0.7697368424839854,0.8,32,0,0,0.7761194029850746,0.9894291754756871,0.8698884758364313,468,135,5,603,473,1.0,1.0,1.0,0.9818181818181818
1,phone800.png,defect,True,True,0.8311111114864197,0.7110266170683398,0.8,32,0,0,0.7333333333333333,0.958974358974359,0.8311111111111111,187,68,8,255,195,1.0,1.0,1.0,1.0
1,phone849.png,defect,True,True,0.8916750251295511,0.8045248870547286,0.8,32,0,0,0.8246753246753247,0.9705240174672489,0.8916750250752257,889,189,27,1078,916,1.0,1.0,1.0,0.9312329458164225
1,camera015.png,normal,False,False,0.0,0.0,0.8,32,0,0,1.0,1.0,1.0,0,0,0,0,0,0.0,0.0,0.0,0.0
1,camera026.png,normal,False,False,0.0,0.0,0.8,32,0,0,1.0,1.0,1.0,0,0,0,0,0,0.0,0.0,0.0,0.0
1,camera050.png,normal,False,False,0.0,0.0,0.8,32,0,0,1.0,1.0,1.0,0,0,0,0,0,0.0,0.0,0.0,0.0
1,camera085.png,normal,False,False,0.0,0.0,0.8,32,0,0,1.0,1.0,1.0,0,0,0,0,0,0.0,0.0,0.0,0.0
1,camera086.png,normal,False,False,0.0,0.0,0.8,32,0,0,1.0,1.0,1.0,0,0,0,0,0,0.0,0.0,0.0,0.0
1,camera089.png,normal,False,False,0.0,0.0,0.8,32,0,0,1.0,1.0,1.0,0,0,0,0,0,0.0,0.0,0.0,0.0
1,camera098.png,normal,False,False,0.0,0.0,0.8,32,0,0,1.0,1.0,1.0,0,0,0,0,0,0.0,0.0,0.0,0.0
1,camera103.png,normal,False,False,0.0,0.0,0.8,32,0,0,1.0,1.0,1.0,0,0,0,0,0,0.0,0.0,0.0,0.0
1,phone022.png,normal,False,False,0.0,0.0,0.8,32,0,0,1.0,1.0,1.0,0,0,0,0,0,0.0,0.0,0.0,0.0
1,phone034.png,normal,False,False,0.0,0.0,0.8,32,0,0,1.0,1.0,1.0,0,0,0,0,0,0.0,0.0,0.0,0.0
1,phone070.png,normal,False,False,0.0,0.0,0.8,32,0,0,1.0,1.0,1.0,0,0,0,0,0,0.0,0.0,0.0,0.0
1,phone138.png,normal,False,False,0.0,0.0,0.8,32,0,0,1.0,1.0,1.0,0,0,0,0,0,0.0,0.0,0.0,0.0
1,phone171.png,normal,False,False,0.0,0.0,0.8,32,0,0,1.0,1.0,1.0,0,0,0,0,0,0.0,0.0,0.0,0.0
1,phone180.png,normal,False,False,0.0,0.0,0.8,32,0,0,1.0,1.0,1.0,0,0,0,0,0,0.0,0.0,0.0,0.0
1,phone301.png,normal,False,False,0.0,0.0,0.8,32,0,0,1.0,1.0,1.0,0,0,0,0,0,0.0,0.0,0.0,0.0
2,camera004.png,defect,True,True,0.8725174562080312,0.7738633835367601,0.8,32,0,0,0.9002588438308887,0.8464346556339742,0.872517456202701,10434,1156,1893,11590,12327,1.0,0.6666666666666666,0.8,0.6307453470320431
2,camera044.png,defect,True,True,0.7729941292695723,0.6299840513317511,0.8,32,0,0,0.6798623063683304,0.8956916099773242,0.7729941291585127,790,372,92,1162,882,1.0,1.0,1.0,0.8891300293324742
2,camera047.png,defect,True,True,0.8200668897524637,0.6950113382142729,0.8,32,0,0,0.8385772913816689,0.8023560209424084,0.820066889632107,613,118,151,731,764,1.0,1.0,1.0,0.9269396484919871
2,camera049.png,defect,True,True,0.6307324495477651,0.4606349208061477,0.8,32,0,0,0.4661098618695792,0.9751344086021505,0.6307324494675071,1451,1662,37,3113,1488,1.0,0.2,0.33333333333333337,0.5837503127345509
2,camera056.png,defect,True,True,0.7980520918026967,0.6639656231229017,0.8,32,0,0,0.6783743100852986,0.9690019709729439,0.798052091787796,5408,2564,173,7972,5581,1.0,0.2,0.33333333333333337,0.4403714114556933
2,camera081.png,defect,True,True,0.6832298137957641,0.5188679248309006,0.8,32,0,0,0.6124721603563474,0.7724719101123596,0.6832298136645962,825,522,243,1347,1068,0.6666666666666666,0.5,0.5714285714285715,0.7785953177257524
2,camera110.png,defect,True,True,0.7368835257428012,0.583385254499816,0.8,32,0,0,0.6749159058145122,0.8113807047949162,0.7368835257082896,2809,1353,653,4162,3462,0.75,0.6,0.6666666666666665,0.7060996103488394
2,camera111.png,defect,True,True,0.5453194654195249,0.37487231933108034,0.8,32,0,0,0.7505112474437627,0.4282380396732789,0.5453194650817236,367,122,490,489,857,1.0,0.5,0.6666666666666666,0.6091518382904006
2,camera130.png,defect,True,True,0.8091128754542241,0.6794202900409158,0.8,32,0,0,0.7777040477770405,0.8431654676258993,0.8091128753883328,1172,335,218,1507,1390,1.0,0.6666666666666666,0.8,0.8071668060302486
2,camera136.png,defect,True,True,0.21318373181881664,0.11930926354896505,0.8,32,0,0,1.0,0.11930926216640503,0.2131837307152875,76,0,561,76,637,1.0,1.0,1.0,0.3770014556040757
2,camera147.png,defect,True,True,0.6553815058980845,0.4874107480317886,0.8,32,0,0,0.6117924528301887,0.705658324265506,0.6553815058110156,1297,823,541,2120,1838,1.0,0.75,0.8571428571428571,0.7107342506987745
2,camera155.png,defect,True,True,0.8220265016407183,0.6978310656476047,0.8,32,0,0,0.7116362137656271,0.9729526671675433,0.8220265016265969,5180,2099,144,7279,5324,1.0,0.6,0.7499999999999999,0.7425117421433299
2,camera163.png,defect,True,True,0.8995654469439319,0.8174638323134438,0.8,32,0,0,0.8441310975609756,0.9627923150482482,0.899565446939853,11075,2045,428,13120,11503,1.0,0.75,0.8571428571428571,0.7497946208522343
2,camera171.png,defect,True,True,0.7876106195734461,0.6496350367805068,0.8,32,0,0,0.6675,0.960431654676259,0.7876106194690266,801,399,33,1200,834,1.0,0.5,0.6666666666666666,0.7524271844660196
2,camera174.png,defect,True,True,0.7662374821841953,0.6210575140904186,0.8,32,0,0,0.6227906976744186,0.995539033457249,0.7662374821173105,1339,811,6,2150,1345,1.0,0.6666666666666666,0.8,0.7349040471214137
2,camera177.png,defect,True,True,0.8766128116888035,0.7803300774819583,0.8,32,0,0,0.8278424926749088,0.9314892248311354,0.8766128116841349,11584,2409,852,13993,12436,1.0,0.75,0.8571428571428571,0.6786382427463756
2,camera180.png,defect,True,True,0.5948051950683083,0.42329020386017535,0.8,32,0,0,0.5746549560853199,0.6164199192462988,0.5948051948051948,458,339,285,797,743,1.0,0.6666666666666666,0.8,0.6459282301966448
2,camera189.png,defect,True,True,0.8922724037059134,0.805498036429454,0.8,32,0,0,0.8631216526396327,0.9234610347085789,0.8922724037016531,11281,1789,935,13070,12216,1.0,0.3333333333333333,0.5,0.6132392264556523
2,camera196.png,defect,True,True,0.895590103445176,0.8109218382094034,0.8,32,0,0,0.8753621474605333,0.9167750325097529,0.8955901034420181,14805,2108,1344,16913,16149,1.0,1.0,1.0,0.7142666477719234
2,camera198.png,defect,True,True,0.8913810351239203,0.8040463526021993,0.8,32,0,0,0.9454931307941472,0.8431274900398407,0.8913810351182014,8465,488,1575,8953,10040,1.0,1.0,1.0,0.8064872358375722
2,camera234.png,defect,True,True,0.8864439447569512,0.7960478869470579,0.8,32,0,0,0.8140117994100295,0.9730253878702397,0.8864439447478317,5519,1261,153,6780,5672,1.0,0.6666666666666666,0.8,0.8304182509505704
2,camera252.png,defect,True,True,0.8346807917940673,0.7162679427194891,0.8,32,0,0,0.7572078907435509,0.9298136645962732,0.8346807917479788,1497,480,113,1977,1610,1.0,1.0,1.0,0.7520270270270271
2,camera253.png,defect,True,True,0.7512500001554687,0.6016016020003988,0.8,32,0,0,0.6956018518518519,0.8165760869565217,0.75125,601,263,135,864,736,1.0,1.0,1.0,0.8364627970393455
2,camera261.png,defect,True,True,0.5415884930946914,0.37135506057345186,0.8,32,0,0,0.4616204690831556,0.6550680786686838,0.541588492808005,433,505,228,938,661,1.0,0.5,0.6666666666666666,0.6068980065393946
2,camera262.png,defect,True,True,0.8342857143000618,0.7156862745520371,0.8,32,0,0,0.799800796812749,0.8718783930510315,0.8342857142857143,4818,1206,708,6024,5526,1.0,1.0,1.0,0.8059336053821552
2,camera278.png,defect,True,True,0.7108307048256249,0.5513866238965961,0.8,32,0,0,0.5748299319727891,0.931129476584022,0.7108307045215563,338,250,25,588,363,1.0,1.0,1.0,0.7765478652232088
2,camera279.png,defect,True,True,0.7329828445305779,0.5785105919243261,0.8,32,0,0,0.5852850198851083,0.9803849000740192,0.7329828444936358,2649,1877,53,4526,2702,1.0,0.5,0.6666666666666666,0.46169224932706254
2,camera284.png,defect,True,True,0.8653391832639965,0.7626412849612016,0.8,32,0,0,0.8847481021394065,0.8467635402906208,0.8653391832602092,15384,2004,2784,17388,18168,1.0,0.8,0.888888888888889,0.7024825595159401
2,camera286.png,defect,True,True,0.7549019608644111,0.6062992128050922,0.8,32,0,0,0.6532805429864253,0.8939628482972136,0.7549019607843137,1155,613,137,1768,1292,1.0,1.0,1.0,0.763506921555702
2,camera287.png,defect,True,True,0.5383211683044514,0.36828963874121146,0.8,32,0,0,0.6330472103004292,0.46825396825396826,0.5383211678832117,295,171,335,466,630,0.5,1.0,0.6666666666666666,0.7055837563451777
2,camera289.png,defect,True,True,0.7038950716009746,0.543084943409051,0.8,32,0,0,0.5624007621467132,0.9405204460966543,0.7038950715421304,1771,1378,112,3149,1883,1.0,0.25,0.4,0.4738921949924246
2,phone006.png,defect,True,True,0.864265928353834,0.7609756109220702,0.8,32,0,0,0.7839195979899497,0.9629629629629629,0.8642659279778393,156,43,6,199,162,1.0,1.0,1.0,0.9774436090225563
2,phone026.png,defect,True,True,0.7821782189001079,0.6422764256725494,0.8,32,0,0,0.7053571428571429,0.8777777777777778,0.7821782178217822,79,33,11,112,90,1.0,1.0,1.0,1.0
2,phone060.png,defect,True,True,0.8871892927587203,0.7972508598032616,0.8,32,0,0,0.8721804511278195,0.9027237354085603,0.887189292543021,232,34,25,266,257,1.0,1.0,1.0,0.9659090909090909
2,phone072.png,defect,True,True,0.9096045198591294,0.834196891478071,0.8,32,0,0,0.8458844133099825,0.9837067209775967,0.9096045197740112,483,88,8,571,491,1.0,1.0,1.0,1.0
2,phone116.png,defect,True,True,0.858342077798172,0.7518382357502974,0.8,32,0,0,0.7518382352941176,1.0,0.8583420776495279,409,135,0,544,409,1.0,1.0,1.0,0.9905630842166466
2,phone150.png,defect,True,True,0.4790419192871741,0.3149606353152706,0.8,32,0,0,1.0,0.31496062992125984,0.47904191616766467,40,0,87,40,127,1.0,1.0,1.0,0.717391304347826
2,phone154.png,defect,True,True,0.8441496921628852,0.7303278690735017,0.8,32,0,0,0.7871024734982333,0.9101123595505618,0.8441496920890573,891,241,88,1132,979,1.0,1.0,1.0,0.8159097016930932
2,phone164.png,defect,True,True,0.8759493674026598,0.7792792802735168,0.8,32,0,0,0.8606965174129353,0.8917525773195877,0.8759493670886076,173,28,21,201,194,1.0,1.0,1.0,1.0
2,phone213.png,defect,True,True,0.8528678307908533,0.7434782619848771,0.8,32,0,0,0.7844036697247706,0.9344262295081968,0.8528678304239401,171,47,12,218,183,1.0,1.0,1.0,1.0
2,phone273.png,defect,True,True,0.8328267482284901,0.7135416681586372,0.8,32,0,0,0.7445652173913043,0.9448275862068966,0.8328267477203647,137,47,8,184,145,1.0,1.0,1.0,1.0
2,phone325.png,defect,True,True,0.8118279572421667,0.6832579192686472,0.8,32,0,0,0.719047619047619,0.9320987654320988,0.8118279569892473,302,118,22,420,324,1.0,1.0,1.0,0.9851716833341544
2,phone339.png,defect,True,True,0.8925170068236119,0.8058968059649362,0.8,32,0,0,0.8961748633879781,0.8888888888888888,0.8925170068027211,2296,266,287,2562,2583,1.0,1.0,1.0,0.8381504441403002
2,phone594.png,defect,True,True,0.9054224465253184,0.8271889404903481,0.8,32,0,0,0.9020100502512562,0.9088607594936708,0.905422446406053,359,39,36,398,395,1.0,1.0,1.0,1.0
2,phone648.png,defect,True,True,0.8162954502538939,0.6896108074333834,0.8,32,0,0,0.9767653758542141,0.7011118378024853,0.8162954502189225,2144,51,914,2195,3058,1.0,1.0,1.0,0.695986636775243
2,phone668.png,defect,True,True,0.8532899326079306,0.7441200325449636,0.8,32,0,0,0.7895869191049913,0.9281740010116338,0.85328993257382,1835,489,142,2324,1977,1.0,1.0,1.0,0.6760163882760795
2,phone676.png,defect,True,True,0.8692579507610284,0.7687500007226562,0.8,32,0,0,0.7784810126582279,0.984,0.8692579505300353,246,70,4,316,250,1.0,1.0,1.0,1.0
2,phone686.png,defect,True,True,0.7941938829475408,0.6586414448334983,0.8,32,0,0,0.8558659217877095,0.7408123791102514,0.7941938828408501,766,129,268,895,1034,1.0,1.0,1.0,0.7214611872146118
2,phone754.png,defect,True,True,0.9126274509940977,0.8392960185114553,0.8,32,0,0,0.9031356721515057,0.9223208623969562,0.9126274509803921,2909,312,245,3221,3154,1.0,1.0,1.0,0.8583774440963596
2,phone760.png,defect,True,True,0.6758620712009512,0.510416671766493,0.8,32,0,0,0.7101449275362319,0.6447368421052632,0.6758620689655173,49,20,27,69,76,1.0,1.0,1.0,0.9504950495049505
2,phone780.png,defect,True,True,0.8358208957451548,0.7179487186061801,0.8,32,0,0,0.7567567567567568,0.9333333333333333,0.835820895522388,308,99,22,407,330,1.0,1.0,1.0,0.9901960784313726
2,phone871.png,defect,True,True,0.8785228378245646,0.7833622187463393,0.8,32,0,0,0.9720430107526882,0.8014184397163121,0.8785228377065112,452,13,112,465,564,1.0,1.0,1.0,0.8931297709923663
2,camera005.png,normal,False,False,0.0,0.0,0.8,32,0,0,1.0,1.0,1.0,0,0,0,0,0,0.0,0.0,0.0,0.0
2,camera022.png,normal,False,False,0.0,0.0,0.8,32,0,0,1.0,1.0,1.0,0,0,0,0,0,0.0,0.0,0.0,0.0
2,camera034.png,normal,False,False,0.0,0.0,0.8,32,0,0,1.0,1.0,1.0,0,0,0,0,0,0.0,0.0,0.0,0.0
2,camera043.png,normal,False,False,0.0,0.0,0.8,32,0,0,1.0,1.0,1.0,0,0,0,0,0,0.0,0.0,0.0,0.0
2,camera045.png,normal,False,False,0.0,0.0,0.8,32,0,0,1.0,1.0,1.0,0,0,0,0,0,0.0,0.0,0.0,0.0
2,camera108.png,normal,False,False,0.0,0.0,0.8,32,0,0,1.0,1.0,1.0,0,0,0,0,0,0.0,0.0,0.0,0.0
2,camera132.png,normal,False,False,0.0,0.0,0.8,32,0,0,1.0,1.0,1.0,0,0,0,0,0,0.0,0.0,0.0,0.0
2,phone056.png,normal,False,False,0.0,0.0,0.8,32,0,0,1.0,1.0,1.0,0,0,0,0,0,0.0,0.0,0.0,0.0
2,phone068.png,normal,False,False,0.0,0.0,0.8,32,0,0,1.0,1.0,1.0,0,0,0,0,0,0.0,0.0,0.0,0.0
2,phone136.png,normal,False,False,0.0,0.0,0.8,32,0,0,1.0,1.0,1.0,0,0,0,0,0,0.0,0.0,0.0,0.0
2,phone160.png,normal,False,False,0.0,0.0,0.8,32,0,0,1.0,1.0,1.0,0,0,0,0,0,0.0,0.0,0.0,0.0
2,phone247.png,normal,False,False,0.0,0.0,0.8,32,0,0,1.0,1.0,1.0,0,0,0,0,0,0.0,0.0,0.0,0.0
2,phone269.png,normal,False,False,0.0,0.0,0.8,32,0,0,1.0,1.0,1.0,0,0,0,0,0,0.0,0.0,0.0,0.0
2,phone293.png,normal,False,False,0.0,0.0,0.8,32,0,0,1.0,1.0,1.0,0,0,0,0,0,0.0,0.0,0.0,0.0
3,camera010.png,defect,True,True,0.4740550932261018,0.3106633087232046,0.8,32,0,0,0.5174825174825175,0.4373522458628842,0.4740550928891736,370,345,476,715,846,0.5,0.3333333333333333,0.4,0.4300727566693613
3,camera021.png,defect,True,True,0.7254638672042564,0.5691983526894744,0.8,32,0,0,0.5859790968250838,0.9520986863184877,0.7254638671875,5943,4199,299,10142,6242,1.0,0.3333333333333333,0.5,0.32303286659869235
3,camera042.png,defect,True,True,0.6687797149134814,0.5023809527758881,0.8,32,0,0,0.546160483175151,0.8623978201634878,0.6687797147385103,633,526,101,1159,734,1.0,0.6666666666666666,0.8,0.6465519725656321
3,camera060.png,defect,True,True,0.8406095350129695,0.7250443749587928,0.8,32,0,0,0.8217655793456914,0.8603379970914197,0.8406095350090647,17156,3721,2785,20877,19941,1.0,1.0,1.0,0.3923515506555105
3,camera082.png,defect,True,True,0.8961337178282566,0.8118136519853024,0.8,32,0,0,0.8238095238095238,0.9823791125160988,0.8961337178254832,16781,3589,301,20370,17082,1.0,0.4,0.5714285714285715,0.6597952027175984
3,camera088.png,defect,True,True,0.7875762618448208,0.6495882892728325,0.8,32,0,0,0.8711656441717791,0.7186234817813765,0.7875762617859123,1420,210,556,1630,1976,0.75,1.0,0.8571428571428571,0.792606238818132
3,camera099.png,defect,True,True,0.8337450408006152,0.7148908857631626,0.8,32,0,0,0.9327266636891469,0.753755921497857,0.8337450407964668,16707,1205,5458,17912,22165,1.0,1.0,1.0,0.44915372942687054
3,camera112.png,defect,True,True,0.8359916054650581,0.7182006671127558,0.8,32,0,0,0.7321264473442382,0.9741990706774273,0.8359916054564533,7967,2915,211,10882,8178,1.0,0.75,0.8571428571428571,0.5600527149842726
3,camera148.png,defect,True,True,0.7583098592230113,0.6107078041693704,0.8,32,0,0,0.6493005306319344,0.9113067027758971,0.7583098591549295,1346,727,131,2073,1477,1.0,0.75,0.8571428571428571,0.832933798614272
3,camera152.png,defect,True,True,0.866159481548811,0.763916501008703,0.8,32,0,0,0.8350991578375442,0.8996195493122622,0.8661594815440969,12296,2428,1372,14724,13668,1.0,1.0,1.0,0.6441649974650299
3,camera153.png,defect,True,True,0.5796308957077027,0.4080846973935662,0.8,32,0,0,0.7504424778761062,0.47216035634743875,0.579630895420369,424,141,474,565,898,0.3333333333333333,1.0,0.5,0.5602222977430382
3,camera169.png,defect,True,False,1.2903225789802289e-09,1.2903225789802289e-09,0.8,32,0,0,1.0,0.0,0.0,0,0,775,0,775,0.0,1.0,0.0,0.0
3,camera170.png,defect,True,True,0.83192359312613,0.7122167593142252,0.8,32,0,0,0.9080812210411556,0.7675516903760871,0.8319235931208839,13327,1349,4036,14676,17363,1.0,1.0,1.0,0.5611491839528684
3,camera173.png,defect,True,True,0.8014322464089052,0.6686582748611487,0.8,32,0,0,0.734999681183447,0.881067033554995,0.8014322464020024,11527,4156,1556,15683,13083,1.0,0.5,0.6666666666666666,0.5811753968351854
3,camera176.png,defect,True,True,0.5404339255025307,0.3702702711212564,0.8,32,0,0,0.848297213622291,0.39652677279305354,0.5404339250493096,274,49,417,323,691,0.5,1.0,0.6666666666666666,0.6499766754781526
3,camera181.png,defect,True,True,0.8746586986824657,0.7772386010092256,0.8,32,0,0,0.7993408662900189,0.9656466841087475,0.8746586986760084,8489,2131,302,10620,8791,1.0,0.6666666666666666,0.8,0.6280839421802873
3,camera207.png,defect,True,True,0.8446285481566869,0.7310450217784125,0.8,32,0,0,0.7905173509597051,0.9066919376002333,0.8446285481461361,6219,1648,640,7867,6859,1.0,0.75,0.8571428571428571,0.7089665337891993
3,camera216.png,defect,True,True,0.7606628634173694,0.6137658923218914,0.8,32,0,0,0.6294964028776978,0.9608785175017158,0.7606628633523499,1400,824,57,2224,1457,1.0,1.0,1.0,0.7689869351038767
3,camera218.png,defect,True,True,0.855157351349632,0.7469649670920977,0.8,32,0,0,0.7669159544159544,0.9663450751626654,0.8551573513352526,4307,1309,150,5616,4457,1.0,0.4,0.5714285714285715,0.6998019254686997
3,camera219.png,defect,True,True,0.6051154088551993,0.43381037617727153,0.8,32,0,0,0.5467869222096956,0.6773743016759777,0.6051154086088584,485,402,231,887,716,1.0,0.5,0.6666666666666666,0.6272314206535653
3,camera228.png,defect,True,True,0.7568801627264589,0.6088553492981932,0.8,32,0,0,0.8640887119704294,0.6733382570162482,0.7568801627163672,9117,1434,4423,10551,13540,1.0,1.0,1.0,0.4831190461870151
3,camera229.png,defect,True,True,0.8010534846432225,0.6681311254923519,0.8,32,0,0,0.7485800833017796,0.8614379084967321,0.8010534846029174,1977,664,318,2641,2295,1.0,1.0,1.0,0.7620912712740893
3,camera243.png,defect,True,True,0.8685596356437318,0.7676583433066445,0.8,32,0,0,0.8838438699398943,0.8537950332284016,0.8685596356390549,12205,1604,2090,13809,14295,1.0,1.0,1.0,0.5209775149854892
3,camera245.png,defect,True,True,0.6095321383430118,0.4383647802274435,0.8,32,0,0,1.0,0.43836477987421385,0.6095321381722781,697,0,893,697,1590,1.0,1.0,1.0,0.6665033080127419
3,camera249.png,defect,True,True,0.8946830265908496,0.8094357076976632,0.8,32,0,0,0.8664319507096491,0.9248385202583675,0.8946830265848671,7875,1214,640,9089,8515,1.0,0.75,0.8571428571428571,0.8142169200363368
3,camera255.png,defect,True,True,0.863654602370303,0.7600282486214649,0.8,32,0,0,0.8125943823618242,0.9215619112861791,0.8636546023593612,5381,1241,458,6622,5839,1.0,1.0,1.0,0.8250827863396221
3,camera257.png,defect,True,True,0.6950934581220248,0.5326768133100476,0.8,32,0,0,0.5618508026440038,0.9111791730474732,0.6950934579439252,595,464,58,1059,653,1.0,1.0,1.0,0.8367654835598968
3,camera266.png,defect,True,True,0.7405554165786493,0.5880015892344059,0.8,32,0,0,0.5952740070387129,0.9796458712559987,0.7405554165624219,5920,4025,123,9945,6043,1.0,0.6666666666666666,0.8,0.3688113280377059
3,camera272.png,defect,True,True,0.8182859324385242,0.692456792142428,0.8,32,0,0,0.6994615761135585,0.9857438491607265,0.818285932429853,8574,3684,124,12258,8698,1.0,0.5,0.6666666666666666,0.5560528119192899
3,camera282.png,defect,True,True,0.779104477694364,0.6381418095121383,0.8,32,0,0,0.6520924422236103,0.9675625579240037,0.7791044776119403,1044,557,35,1601,1079,1.0,1.0,1.0,0.9049045770271962
3,camera292.png,defect,True,True,0.5824284308169512,0.41086351056982795,0.8,32,0,0,0.43002915451895046,0.9021406727828746,0.5824284304047384,295,391,32,686,327,1.0,1.0,1.0,0.7129773143581796
3,phone126.png,defect,True,True,0.41176470934256054,0.2592592647462277,0.8,32,0,0,0.8536585365853658,0.2713178294573643,0.4117647058823529,35,6,94,41,129,1.0,1.0,1.0,0.7333333333333334
3,phone184.png,defect,True,True,0.45827951447732385,0.297252010959366,0.8,32,0,0,0.9651795429815017,0.3004742547425474,0.4582795143373805,887,32,2065,919,2952,1.0,1.0,1.0,0.36620793571069815
3,phone285.png,defect,True,True,0.8742138366098388,0.7765363132652955,0.8,32,0,0,0.7823639774859287,0.9904988123515439,0.8742138364779874,417,116,4,533,421,1.0,1.0,1.0,0.9861751152073733
3,phone315.png,defect,True,True,0.7916666673900463,0.6551724157748712,0.8,32,0,0,0.6745562130177515,0.957983193277311,0.7916666666666666,114,55,5,169,119,1.0,1.0,1.0,1.0
3,phone347.png,defect,True,True,4.3535045692844996e-10,4.3535045692844996e-10,0.8,32,0,0,0.0,0.0,0.0,0,245,2052,245,2052,1.0,1.0,1.0,0.0650887573964497
3,phone391.png,defect,True,True,0.34221840125346653,0.20643153609291334,0.8,32,0,0,0.20859538784067086,0.9521531100478469,0.3422184006878762,199,755,10,954,209,1.0,0.5,0.6666666666666666,0.5141242937853108
3,phone454.png,defect,True,True,0.5896624474738068,0.4181002248181748,0.8,32,0,0,1.0,0.4181002243829469,0.5896624472573839,559,0,778,559,1337,1.0,1.0,1.0,0.5336063384670169
3,phone464.png,defect,True,True,0.734642178678074,0.5805805807905002,0.8,32,0,0,0.5882352941176471,0.9780775716694773,0.7346421785940469,1160,812,26,1972,1186,1.0,1.0,1.0,0.6063906624678589
3,phone470.png,defect,True,True,0.7842951751256882,0.6451361870465866,0.8,32,0,0,0.6491777603758809,0.9904420549581839,0.7842951750236519,829,448,8,1277,837,1.0,1.0,1.0,0.7438524590163934
3,phone498.png,defect,True,True,0.8127313102792515,0.6845386537599268,0.8,32,0,0,0.6940581542351454,0.9803571428571428,0.8127313101406366,549,242,11,791,560,1.0,1.0,1.0,0.8977900552486188
3,phone508.png,defect,True,True,0.7779690193150275,0.6366197193334656,0.8,32,0,0,0.9741379310344828,0.6475644699140402,0.7779690189328744,226,6,123,232,349,1.0,1.0,1.0,0.937799043062201
3,phone524.png,defect,True,True,0.6244343908396633,0.4539473720135041,0.8,32,0,0,0.8625,0.48936170212765956,0.6244343891402715,69,11,72,80,141,1.0,1.0,1.0,0.8181818181818181
3,phone552.png,defect,True,False,1.1904761763038551e-08,1.1904761763038551e-08,0.8,32,0,0,1.0,0.0,0.0,0,0,84,0,84,0.0,1.0,0.0,0.0
3,phone554.png,defect,True,True,0.8704663214113131,0.7706422023609124,0.8,32,0,0,0.7887323943661971,0.9710982658959537,0.8704663212435233,336,90,10,426,346,1.0,1.0,1.0,0.995433789954338
3,phone556.png,defect,True,True,0.8708939709073915,0.7713128337743854,0.8,32,0,0,0.7774684484038604,0.9898393194706995,0.8708939708939709,4189,1199,43,5388,4232,1.0,1.0,1.0,0.6379972654469692
3,phone656.png,defect,True,True,0.774907749354357,0.632530121219819,0.8,32,0,0,0.6389452332657201,0.984375,0.7749077490774908,315,178,5,493,320,1.0,1.0,1.0,0.889120756816917
3,phone666.png,defect,True,True,0.7444794960741972,0.5929648261660059,0.8,32,0,0,0.6276595744680851,0.9147286821705426,0.7444794952681388,118,70,11,188,129,1.0,1.0,1.0,0.9924812030075187
3,phone790.png,defect,True,True,0.8201058205817306,0.6950672659414024,0.8,32,0,0,0.7142857142857143,0.9627329192546584,0.8201058201058201,155,62,6,217,161,1.0,1.0,1.0,1.0
3,phone827.png,defect,True,True,0.6120996455085422,0.4410256438921762,0.8,32,0,0,0.4777777777777778,0.8514851485148515,0.6120996441281139,86,94,15,180,101,1.0,1.0,1.0,0.9243697478991597
3,phone859.png,defect,True,False,1.1363636234504133e-08,1.1363636234504133e-08,0.8,32,0,0,1.0,0.0,0.0,0,0,88,0,88,0.0,1.0,0.0,0.0
3,phone991.png,defect,True,True,0.7871250915968361,0.6489746686984624,0.8,32,0,0,0.6489746682750301,1.0,0.787125091441112,538,291,0,829,538,1.0,1.0,1.0,0.7886718049829718
3,camera001.png,normal,False,False,0.0,0.0,0.8,32,0,0,1.0,1.0,1.0,0,0,0,0,0,0.0,0.0,0.0,0.0
3,camera006.png,normal,False,False,0.0,0.0,0.8,32,0,0,1.0,1.0,1.0,0,0,0,0,0,0.0,0.0,0.0,0.0
3,camera046.png,normal,False,False,0.0,0.0,0.8,32,0,0,1.0,1.0,1.0,0,0,0,0,0,0.0,0.0,0.0,0.0
3,camera051.png,normal,False,False,0.0,0.0,0.8,32,0,0,1.0,1.0,1.0,0,0,0,0,0,0.0,0.0,0.0,0.0
3,camera062.png,normal,False,False,0.0,0.0,0.8,32,0,0,1.0,1.0,1.0,0,0,0,0,0,0.0,0.0,0.0,0.0
3,camera066.png,normal,False,False,0.0,0.0,0.8,32,0,0,1.0,1.0,1.0,0,0,0,0,0,0.0,0.0,0.0,0.0
3,camera077.png,normal,False,False,0.0,0.0,0.8,32,0,0,1.0,1.0,1.0,0,0,0,0,0,0.0,0.0,0.0,0.0
3,phone002.png,normal,False,False,0.0,0.0,0.8,32,0,0,1.0,1.0,1.0,0,0,0,0,0,0.0,0.0,0.0,0.0
3,phone100.png,normal,False,False,0.0,0.0,0.8,32,0,0,1.0,1.0,1.0,0,0,0,0,0,0.0,0.0,0.0,0.0
3,phone189.png,normal,False,False,0.0,0.0,0.8,32,0,0,1.0,1.0,1.0,0,0,0,0,0,0.0,0.0,0.0,0.0
3,phone209.png,normal,False,False,0.0,0.0,0.8,32,0,0,1.0,1.0,1.0,0,0,0,0,0,0.0,0.0,0.0,0.0
3,phone219.png,normal,False,False,0.0,0.0,0.8,32,0,0,1.0,1.0,1.0,0,0,0,0,0,0.0,0.0,0.0,0.0
3,phone239.png,normal,False,False,0.0,0.0,0.8,32,0,0,1.0,1.0,1.0,0,0,0,0,0,0.0,0.0,0.0,0.0
3,phone281.png,normal,False,False,0.0,0.0,0.8,32,0,0,1.0,1.0,1.0,0,0,0,0,0,0.0,0.0,0.0,0.0
