threshold,min_area,defect_dice,defect_iou,defect_image_recall,normal_fpr,normal_count,normal_fp_count,normal_fp_pixel_sum,normal_fp_pixel_mean,normal_fp_pixel_median,normal_fp_pixel_p95,normal_largest_fp_area_mean,normal_largest_fp_area_median,normal_largest_fp_area_p95,normal_largest_fp_area_max,pixel_precision_defect_macro,pixel_recall_defect_macro,pixel_f1_defect_macro,pixel_precision_labeled_micro,pixel_recall_labeled_micro,pixel_f1_labeled_micro,pixel_auprc_all_labeled,component_recall_3px,component_precision_3px,component_f1_3px,boundary_f1_3px,stage2_score
0.1,0,0.01718730699760421,0.008809669822473215,1.0,1.0,59,59,24166400.0,409600.0,409600.0,409600.0,409600.0,409600.0,409600.0,409600.0,0.008809669820053318,1.0,0.017187306995224725,0.006884593822337963,1.0,0.013675040545019463,0.8746740783492699,1.0,1.0,1.0,0.0,-1.7828126930023958
0.1,8,0.01718730699760421,0.008809669822473215,1.0,1.0,59,59,24166400.0,409600.0,409600.0,409600.0,409600.0,409600.0,409600.0,409600.0,0.008809669820053318,1.0,0.017187306995224725,0.006884593822337963,1.0,0.013675040545019463,0.8746740783492699,1.0,1.0,1.0,0.0,-1.7828126930023958
0.1,16,0.01718730699760421,0.008809669822473215,1.0,1.0,59,59,24166400.0,409600.0,409600.0,409600.0,409600.0,409600.0,409600.0,409600.0,0.008809669820053318,1.0,0.017187306995224725,0.006884593822337963,1.0,0.013675040545019463,0.8746740783492699,1.0,1.0,1.0,0.0,-1.7828126930023958
0.1,24,0.01718730699760421,0.008809669822473215,1.0,1.0,59,59,24166400.0,409600.0,409600.0,409600.0,409600.0,409600.0,409600.0,409600.0,0.008809669820053318,1.0,0.017187306995224725,0.006884593822337963,1.0,0.013675040545019463,0.8746740783492699,1.0,1.0,1.0,0.0,-1.7828126930023958
0.1,32,0.01718730699760421,0.008809669822473215,1.0,1.0,59,59,24166400.0,409600.0,409600.0,409600.0,409600.0,409600.0,409600.0,409600.0,0.008809669820053318,1.0,0.017187306995224725,0.006884593822337963,1.0,0.013675040545019463,0.8746740783492699,1.0,1.0,1.0,0.0,-1.7828126930023958
0.1,48,0.01718730699760421,0.008809669822473215,1.0,1.0,59,59,24166400.0,409600.0,409600.0,409600.0,409600.0,409600.0,409600.0,409600.0,0.008809669820053318,1.0,0.017187306995224725,0.006884593822337963,1.0,0.013675040545019463,0.8746740783492699,1.0,1.0,1.0,0.0,-1.7828126930023958
0.12,0,0.01718731662952378,0.008809674821041216,1.0,1.0,59,59,24166400.0,409600.0,409600.0,409600.0,409600.0,409600.0,409600.0,409600.0,0.008809674818621318,1.0,0.017187316627144296,0.0068845952541385525,1.0,0.013675043369594655,0.8746740783492699,1.0,1.0,1.0,4.045775054906948e-05,-1.7828126833704763
0.12,8,0.01718731662952378,0.008809674821041216,1.0,1.0,59,59,24166400.0,409600.0,409600.0,409600.0,409600.0,409600.0,409600.0,409600.0,0.008809674818621318,1.0,0.017187316627144296,0.0068845952541385525,1.0,0.013675043369594655,0.8746740783492699,1.0,1.0,1.0,4.045775054906948e-05,-1.7828126833704763
0.12,16,0.01718731662952378,0.008809674821041216,1.0,1.0,59,59,24166400.0,409600.0,409600.0,409600.0,409600.0,409600.0,409600.0,409600.0,0.008809674818621318,1.0,0.017187316627144296,0.0068845952541385525,1.0,0.013675043369594655,0.8746740783492699,1.0,1.0,1.0,4.045775054906948e-05,-1.7828126833704763
0.12,24,0.01718731662952378,0.008809674821041216,1.0,1.0,59,59,24166400.0,409600.0,409600.0,409600.0,409600.0,409600.0,409600.0,409600.0,0.008809674818621318,1.0,0.017187316627144296,0.0068845952541385525,1.0,0.013675043369594655,0.8746740783492699,1.0,1.0,1.0,4.045775054906948e-05,-1.7828126833704763
0.12,32,0.01718731662952378,0.008809674821041216,1.0,1.0,59,59,24166400.0,409600.0,409600.0,409600.0,409600.0,409600.0,409600.0,409600.0,0.008809674818621318,1.0,0.017187316627144296,0.0068845952541385525,1.0,0.013675043369594655,0.8746740783492699,1.0,1.0,1.0,4.045775054906948e-05,-1.7828126833704763
0.12,48,0.01718731662952378,0.008809674821041216,1.0,1.0,59,59,24166400.0,409600.0,409600.0,409600.0,409600.0,409600.0,409600.0,409600.0,0.008809674818621318,1.0,0.017187316627144296,0.0068845952541385525,1.0,0.013675043369594655,0.8746740783492699,1.0,1.0,1.0,4.045775054906948e-05,-1.7828126833704763
0.14,0,0.01721146887155095,0.00882244402020797,1.0,1.0,59,59,24166400.0,409600.0,409600.0,409600.0,409600.0,409600.0,409600.0,409600.0,0.008822444017786858,1.0,0.017211468869170365,0.0068873556898341,1.0,0.013680488986010686,0.8746740783492699,1.0,0.9687203791469194,0.9742350544607966,8.348711646025471e-05,-1.782788531128449
0.14,8,0.017211519173745672,0.008822470532877965,1.0,1.0,59,59,24166400.0,409600.0,409600.0,409600.0,409600.0,409600.0,409600.0,409600.0,0.00882247053045685,1.0,0.017211519171365083,0.00688736167084508,1.0,0.013680500784945957,0.8746740783492699,1.0,0.9776649364327089,0.9823854660347551,8.362746779811752e-05,-1.7827884808262544
0.14,16,0.01721155499656391,0.008822489424333772,1.0,1.0,59,59,24166400.0,409600.0,409600.0,409600.0,409600.0,409600.0,409600.0,409600.0,0.008822489421912653,1.0,0.017211554994183323,0.0068873659074008085,1.0,0.01368050914253742,0.8746740783492699,1.0,0.983938915218536,0.9872940645452494,8.372544367899802e-05,-1.7827884450034361
0.14,24,0.017211607453009807,0.008822517165779772,1.0,1.0,59,59,24166400.0,409600.0,409600.0,409600.0,409600.0,409600.0,409600.0,409600.0,0.008822517163358653,1.0,0.01721160745062921,0.006887371950731971,1.0,0.013680521064413503,0.8746740783492699,1.0,0.9875592417061612,0.9903106898367563,8.383750463876267e-05,-1.7827883925469903
0.14,32,0.017211618548354856,0.008822522925852871,1.0,1.0,59,59,24166400.0,409600.0,409600.0,409600.0,409600.0,409600.0,409600.0,409600.0,0.00882252292343175,1.0,0.017211618545974264,0.006887373570595735,1.0,0.013680524259971448,0.8746740783492699,1.0,0.9899289099526066,0.9918904686677199,8.395017403721969e-05,-1.7827883814516452
0.14,48,0.017211690103789142,0.008822560791195835,1.0,1.0,59,59,24166400.0,409600.0,409600.0,409600.0,409600.0,409600.0,409600.0,409600.0,0.008822560788774712,1.0,0.017211690101408546,0.006887381296110321,1.0,0.013680539500345265,0.8746740783492699,1.0,0.990521327014218,0.9926653125705259,8.405002178071585e-05,-1.782788309896211
0.16,0,0.020221174254053505,0.01047853740523098,1.0,1.0,59,59,24163430.0,409549.66101694916,409600.0,409600.0,409549.66101694916,409600.0,409600.0,409600.0,0.010478659761008686,0.9999586140880902,0.020221174251557516,0.0070731787991481125,0.9998686597117606,0.014046987691492664,0.8746740783492699,1.0,0.8757255422068859,0.8821620106730921,0.0005579745586634733,-1.7797788257459466
0.16,8,0.020223866714564314,0.010480077537022589,1.0,1.0,59,59,24163430.0,409549.66101694916,409600.0,409600.0,409549.66101694916,409600.0,409600.0,409600.0,0.01048020002461111,0.9999586140880902,0.020223866712068238,0.0070732742229591816,0.9998686597117606,0.014047175867327507,0.8746740783492699,1.0,0.8831456213877344,0.892404202653868,0.0005611959290617842,-1.7797761332854358
0.16,16,0.020227019883154382,0.010481862298359427,1.0,1.0,59,59,24163430.0,409549.66101694916,409600.0,409600.0,409549.66101694916,409600.0,409600.0,409600.0,0.010481984885306586,0.9999586140880902,0.020227019880658198,0.007073392651958115,0.9998686597117606,0.014047409409362364,0.8746740783492699,1.0,0.8889972494114622,0.8993687775460039,0.0005649891699312921,-1.7797729801168456
0.16,24,0.020230526830763568,0.010483849328129645,1.0,1.0,59,59,24163430.0,409549.66101694916,409600.0,409600.0,409549.66101694916,409600.0,409600.0,409600.0,0.010483972109707626,0.9999586140880902,0.020230526828267256,0.007073524755575885,0.9998686597117606,0.014047669917686405,0.8746740783492699,1.0,0.8947232914144679,0.9059207234653593,0.0005693619357072433,-1.7797694731692364
0.16,32,0.020233621972910263,0.010485620856376875,1.0,1.0,59,59,24163430.0,409549.66101694916,409600.0,409600.0,409549.66101694916,409600.0,409600.0,409600.0,0.010485743806647243,0.9999586140880902,0.020233621970413847,0.007073626169810495,0.9998686597117606,0.014047869906502846,0.8746740783492699,1.0,0.8990904590412527,0.9105235514812952,0.0005730958693950238,-1.7797663780270898
0.16,48,0.020238437004198633,0.010488381097781703,1.0,1.0,59,59,24163430.0,409549.66101694916,409600.0,409600.0,409549.66101694916,409600.0,409600.0,409600.0,0.010488504310604874,0.9999586140880902,0.02023843700170205,0.007073788517509801,0.9998686597117606,0.014048190055995235,0.8746740783492699,1.0,0.9042850843206294,0.9172617613884994,0.0005771875153191591,-1.7797615629958015
0.18,0,0.02783630400912913,0.015085776833638834,1.0,1.0,59,59,24125829.0,408912.3559322034,409600.0,409600.0,408910.6271186441,409600.0,409600.0,409600.0,0.015097614117751838,0.9994033207905237,0.027836304006375306,0.007299309618124048,0.9980338358850562,0.014492624678842807,0.8746740783492699,1.0,0.7667163876107955,0.787088964556578,0.002633973333785963,-1.7721636959908709
0.18,8,0.0278411787777557,0.015088855996725896,1.0,1.0,59,59,24125817.0,408912.1525423729,409600.0,409600.0,408910.6271186441,409600.0,409600.0,409600.0,0.015100721961543554,0.999397484169227,0.027841178775001696,0.007299295034513993,0.9980154482447027,0.014492593994948563,0.8746740783492699,1.0,0.789763231301901,0.8170877900228718,0.002630289277303233,-1.7721588212222443
0.18,16,0.027849128824248566,0.01509407177660139,1.0,1.0,59,59,24125791.0,408911.71186440677,409600.0,409600.0,408910.6271186441,409600.0,409600.0,409600.0,0.015105959699238914,0.999397484169227,0.027849128821494342,0.007299433588084241,0.9980154482447027,0.014492867092672822,0.8746740783492699,1.0,0.8135083444923438,0.8406219250810832,0.0026437333479362177,-1.7721508711757514
0.18,24,0.027854953157749485,0.01509766171210909,1.0,1.0,59,59,24125768.0,408911.3220338983,409600.0,409600.0,408910.6271186441,409600.0,409600.0,409600.0,0.015109555240444706,0.999397484169227,0.027854953154995067,0.007299561418234264,0.9980154482447027,0.014493119053800567,0.8746740783492699,1.0,0.8336737175564888,0.8595082581258505,0.0026531086313478407,-1.7721450468422506
0.18,32,0.02786177649319432,0.01510211272372058,1.0,1.0,59,59,24125768.0,408911.3220338983,409600.0,409600.0,408910.6271186441,409600.0,409600.0,409600.0,0.015114021374733088,0.999397484169227,0.02786177649043972,0.0072996646392638346,0.9980154482447027,0.014493322508783884,0.8746740783492699,1.0,0.8408123242866394,0.8675231035420609,0.002662611097855121,-1.7721382235068057
0.18,48,0.027871883174301965,0.015108722972810273,1.0,1.0,59,59,24125727.0,408910.6271186441,409600.0,409600.0,408910.6271186441,409600.0,409600.0,409600.0,0.015120652464193897,0.999397484169227,0.027871883171547096,0.00729983749895215,0.9980154482447027,0.014493663225743312,0.8746740783492699,1.0,0.8565151495037192,0.8832052755038537,0.002678426991896786,-1.7721281168256982
0.2,0,0.04508957645193941,0.027244186967531493,1.0,1.0,59,59,23810037.0,403559.9491525424,409562.0,409600.0,403447.3898305085,409562.0,409600.0,409600.0,0.027349346925189318,0.9985663574546569,0.04508957644870158,0.007715495664216135,0.9951968856590853,0.015312279316389918,0.8746740783492699,0.9984202211690363,0.5836501587800053,0.6150952076345574,0.0060793113586398075,-1.7549104235480606
0.2,8,0.04511228821133153,0.027262854964735996,1.0,1.0,59,59,23809858.0,403556.9152542373,409562.0,409600.0,403447.3898305085,409562.0,409600.0,409600.0,0.027368190662114832,0.9985663574546569,0.045112288208093314,0.007715817077773024,0.9951968856590853,0.015312912290691427,0.8746740783492699,0.9984202211690363,0.6294617268011642,0.6646614893080608,0.006108056619918195,-1.7548877117886685
0.2,16,0.04513848613577466,0.02728465968920576,1.0,1.0,59,59,23809640.0,403553.22033898305,409562.0,409600.0,403447.3898305085,409562.0,409600.0,409600.0,0.02739018955992199,0.9985663574546569,0.045138486132535995,0.007716199336283271,0.9951968856590853,0.015313665089192201,0.8746740783492699,0.9984202211690363,0.6484253905427082,0.6884205528650998,0.006140523380279425,-1.7548615138642254
0.2,24,0.04516873983856319,0.02731150011523306,1.0,1.0,59,59,23809442.0,403549.86440677964,409562.0,409600.0,403447.3898305085,409562.0,409600.0,409600.0,0.027417344230704344,0.9985663574546569,0.045168739835324156,0.007716537625402367,0.9951968856590853,0.015314331296358012,0.8746740783492699,0.9984202211690363,0.6625158455124088,0.7061000845595703,0.0061768096312270985,-1.7548312601614369
0.2,32,0.045191881749321504,0.02733047960326625,1.0,1.0,59,59,23809165.0,403545.16949152545,409562.0,409600.0,403447.3898305085,409562.0,409600.0,409600.0,0.02743643060501886,0.9985663574546569,0.045191881746082053,0.007716883803278064,0.9951968856590853,0.015315013038722805,0.8746740783492699,0.9984202211690363,0.6801611787190924,0.7261909502364037,0.006199179387375937,-1.7548081182506785
0.2,48,0.04523527500911982,0.027367626310269604,1.0,1.0,59,59,23808606.0,403535.69491525425,409562.0,409600.0,403447.3898305085,409562.0,409600.0,409600.0,0.027473954836353044,0.9985663574546569,0.04523527500587978,0.0077174879796827805,0.9951968856590853,0.015316202867101553,0.8746740783492699,0.9984202211690363,0.7120545351057948,0.7594228740906916,0.006243316340228623,-1.7547647249908802
0.22,0,0.0825791450709119,0.055612704355642216,1.0,1.0,59,59,21355880.0,361964.0677966102,402117.0,409550.5,358269.0,402109.0,409550.5,409595.0,0.05604254247755237,0.9973966917572674,0.08257914506627685,0.009435466063124516,0.9907667777367705,0.018692912090040863,0.8746740783492699,0.9968404423380726,0.2618611333751601,0.30292870793739884,0.014260782005695454,-1.7174208549290881
0.22,8,0.08264856689803268,0.05567874116151287,1.0,1.0,59,59,21353356.0,361921.28813559323,402109.0,409550.5,358269.0,402109.0,409550.5,409595.0,0.056109576523337035,0.9973966917572674,0.08264856689339602,0.009437488522178832,0.9907667777367705,0.018696881044148846,0.8746740783492699,0.9968404423380726,0.31589463139134566,0.36565962001093405,0.014362905062193579,-1.7173514331019675
0.22,16,0.08273375334446949,0.05575853067780947,1.0,1.0,59,59,21350108.0,361866.23728813557,402109.0,409550.5,358269.0,402109.0,409550.5,409595.0,0.05619031830968627,0.9973966917572674,0.08273375333983078,0.009440100361893185,0.9907667777367705,0.01870200659856296,0.8746740783492699,0.9968404423380726,0.3441305011896257,0.3997198505537486,0.01448987612137208,-1.7172662466555306
0.22,24,0.08280972232900732,0.055829116296084454,1.0,1.0,59,59,21347217.0,361817.23728813557,402109.0,409550.5,358269.0,402109.0,409550.5,409595.0,0.05626215525173547,0.9973966917572674,0.08280972232436645,0.00944247985240836,0.9907667777367705,0.01870667616047512,0.8746740783492699,0.9968404423380726,0.3698822327019079,0.42966741871818487,0.014592620402918218,-1.7171902776709926
0.22,32,0.08289324311788097,0.05591081658620138,1.0,1.0,59,59,21344305.0,361767.8813559322,402109.0,409550.5,358269.0,402109.0,409550.5,409595.0,0.056344581627946505,0.9973966917572674,0.08289324311323858,0.009444564088090203,0.9907667777367705,0.018710766289878857,0.8746740783492699,0.9968404423380726,0.3937369473167141,0.4553360384432942,0.014714336014284431,-1.717106756882119
0.22,48,0.08301690630681866,0.056025291691485526,1.0,1.0,59,59,21340434.0,361702.27118644066,402109.0,409550.5,358269.0,402109.0,409550.5,409595.0,0.056460801160260254,0.9973909596794958,0.08301690630217336,0.00944792779349823,0.9907391962762402,0.0187173623082029,0.8746740783492699,0.9968404423380726,0.4274097047979299,0.49264367638228196,0.014863553570478463,-1.7169830936931814
0.24,0,0.12784932403375182,0.08833242889576351,1.0,1.0,59,59,17947001.0,304186.4576271186,336216.0,404802.8,298219.3728813559,331260.0,404720.0,406406.0,0.08915926920316984,0.9950507907388396,0.12784932402559906,0.012344973727081958,0.984560949117459,0.02438420470987869,0.8746740783492699,0.9968404423380726,0.10054219049603871,0.1555758886649503,0.028836580199630264,-1.6721506759662481
0.24,8,0.12797406525309565,0.08844874904286547,1.0,1.0,59,59,17945069.0,304153.71186440677,336126.0,404802.8,298219.3728813559,331260.0,404720.0,406406.0,0.0892777599099167,0.9950501555312461,0.12797406524493707,0.01234750512283167,0.9845583223116942,0.024389142071232658,0.8746740783492699,0.9968404423380726,0.16552827464161554,0.23132496673140104,0.029065197219553127,-1.6720259347469044
0.24,16,0.12809717072046217,0.08856183891736591,1.0,1.0,59,59,17942389.0,304108.28813559323,335997.0,404802.8,298219.3728813559,331260.0,404720.0,406406.0,0.08939260754697942,0.9950501555312461,0.12809717071229698,0.012350594878924549,0.9845583223116942,0.02439516943596617,0.8746740783492699,0.9968404423380726,0.19934958480221365,0.2715750585366171,0.02928721991640365,-1.671902829279538
0.24,24,0.12821602549954708,0.0886724434744093,1.0,1.0,59,59,17940405.0,304074.66101694916,335936.0,404802.8,298219.3728813559,331260.0,404720.0,406406.0,0.0895052611633514,0.9950501555312461,0.12821602549137737,0.012353551612305226,0.9845583223116942,0.024400937270668725,0.8746740783492699,0.9968404423380726,0.2211509799590093,0.2980450966913023,0.02951436432245205,-1.671783974500453
0.24,32,0.12831724562593214,0.08875920076829054,1.0,1.0,59,59,17938588.0,304043.86440677964,335882.0,404802.8,298219.3728813559,331260.0,404720.0,406406.0,0.0895930915741195,0.9950501555312461,0.12831724561775718,0.012356227467831816,0.9845583223116942,0.024406157154634022,0.8746740783492699,0.9968404423380726,0.23766724206309292,0.32025307572041906,0.029686250218306245,-1.671682754374068
0.24,48,0.12851840328963027,0.08893991302194963,1.0,1.0,59,59,17934428.0,303973.3559322034,335882.0,404802.8,298219.3728813559,331260.0,404720.0,406406.0,0.08977677386965992,0.9950372046117308,0.1285184032814437,0.012360314766744564,0.9845097264050455,0.024414115394588095,0.8746740783492699,0.9968404423380726,0.2636553009461781,0.35252247608692,0.03003757506579421,-1.6714815967103698
0.26,0,0.222176089059465,0.15832997645269514,1.0,1.0,59,59,11200215.0,189834.15254237287,184609.0,377425.89999999997,178403.93220338982,177356.0,365480.79999999993,389194.0,0.16010632837671882,0.9887976028877831,0.22217608903716027,0.02075548395964852,0.9757414487621835,0.04064635890695905,0.8746740783492699,0.9968404423380726,0.0765659665135799,0.1278810416010694,0.05068093803683498,-1.577823910940535
0.26,8,0.22278331604832255,0.15880130815830076,1.0,1.0,59,59,11191901.0,189693.2372881356,184507.0,377413.0,178403.93220338982,177356.0,365480.79999999993,389194.0,0.1605835303863504,0.9887857483072978,0.22278331602584442,0.020772038639148113,0.975716494107418,0.04067808118291316,0.8746740783492699,0.9968404423380726,0.15894775487660373,0.2180564238433256,0.0511981362116649,-1.5772166839516775
0.26,16,0.2235055685196109,0.15934219175106892,1.0,1.0,59,59,11181252.0,189512.74576271186,184293.0,377396.8,178403.93220338982,177356.0,365480.79999999993,389194.0,0.16113194516392101,0.9887557998934408,0.2235055684969114,0.02079269381075845,0.9756534507690631,0.040717631509940476,0.8746740783492699,0.9968404423380726,0.18055370341402724,0.24487229401584326,0.051676194668935624,-1.576494431480389
0.26,24,0.22418220406256498,0.15984780519756703,1.0,1.0,59,59,11171291.0,189343.91525423728,184066.0,377362.6,178403.93220338982,177356.0,365480.79999999993,389194.0,0.1616462632875111,0.988737160327571,0.22418220403964942,0.020811511785968035,0.9756009146537673,0.04075366664437334,0.8746740783492699,0.9968404423380726,0.1950224543875782,0.2629320469386984,0.0520610006689133,-1.575817795937435
0.26,32,0.22482623381654213,0.16033766231045807,1.0,1.0,59,59,11162638.0,189197.25423728814,183912.0,377294.2,178403.93220338982,177356.0,365480.79999999993,389194.0,0.1621457325515904,0.98869377349086,0.2248262337934452,0.020827319007790585,0.9755050362433525,0.04078388998704217,0.8746740783492699,0.9968404423380726,0.20978652521778116,0.2803854510328449,0.052373317316595606,-1.575173766183458
0.26,48,0.22575927098254875,0.1610398054806332,1.0,1.0,59,59,11148501.0,188957.64406779662,183689.0,377294.2,178403.93220338982,177356.0,365480.79999999993,389194.0,0.16285795889256005,0.9886588336746934,0.22575927095913653,0.020855532455285954,0.9754314856819385,0.040837916458217834,0.8746740783492699,0.9968404423380726,0.22805488138346502,0.3053142394582144,0.05287350221416713,-1.5742407290174514
0.28,0,0.2789892720114918,0.20050695524154347,1.0,1.0,59,59,9345465.0,158397.71186440677,137483.0,342706.4999999999,154813.89830508476,130199.0,341799.1999999999,388157.0,0.2034157318945841,0.9841544783611926,0.27898927197010787,0.024741093918669767,0.971912879360005,0.048253834276918255,0.8746740783492699,0.9968404423380726,0.12133737377134239,0.19569718273313666,0.07955315804768154,-1.5210107279885081
0.28,8,0.27988195497742296,0.201213698183429,1.0,1.0,59,59,9342708.0,158350.98305084746,137470.0,342655.1999999999,154813.89830508476,130199.0,341799.1999999999,388157.0,0.2041345099684207,0.984145311366042,0.279881954935726,0.024750222243746914,0.9719102525542402,0.0482711923668275,0.8746740783492699,0.9968404423380726,0.2388234066877557,0.3211130813850653,0.0803934380843114,-1.520118045022577
0.28,16,0.28060689514852427,0.2017940457624897,1.0,1.0,59,59,9340054.0,158306.0,137470.0,342605.6999999999,154813.89830508476,130199.0,341799.1999999999,388157.0,0.2047238325107895,0.984145311366042,0.2806068951065832,0.02475908462512953,0.9719102525542402,0.04828804758682115,0.8746740783492699,0.9968404423380726,0.26916368157876186,0.35909982198042795,0.08107820094555711,-1.5193931048514757
0.28,24,0.2814243380135286,0.2024375129588102,1.0,1.0,59,59,9337563.0,158263.77966101695,137470.0,342548.09999999986,154813.89830508476,130199.0,341799.1999999999,388157.0,0.20537779751839239,0.984145311366042,0.28142433797127814,0.024767395454302645,0.9719102525542402,0.04830385354622842,0.8746740783492699,0.9968404423380726,0.2920205976045038,0.38702160417728726,0.08182348988815667,-1.5185756619864714
0.28,32,0.282100081282076,0.20296661316093903,1.0,1.0,59,59,9335699.0,158232.18644067796,137470.0,342475.1999999999,154813.89830508476,130199.0,341799.1999999999,388157.0,0.20591480607085755,0.984145311366042,0.2821000812395266,0.024774283522748217,0.9719102525542402,0.04831695342684568,0.8746740783492699,0.9968404423380726,0.30667901715921403,0.4057525979814797,0.0824074391257429,-1.517899918717924
0.28,48,0.28346935118820565,0.2040002223856781,1.0,1.0,59,59,9331939.0,158168.45762711865,137470.0,342434.6999999999,154813.89830508476,130199.0,341799.1999999999,388157.0,0.206962852462709,0.984145311366042,0.283469351144973,0.02478841907828675,0.9719102525542402,0.04834383617134096,0.8746740783492699,0.9968404423380726,0.34061972675100327,0.4458504534917166,0.0833465669143162,-1.5165306488117944
0.3,0,0.31789344330857716,0.23276807721747014,1.0,1.0,59,59,7257351.0,123005.94915254238,73501.0,314367.1,119032.05084745762,72797.0,313817.6,338465.0,0.23676506443366904,0.9809479268950401,0.31789344325217234,0.029804412832177735,0.9691915085876848,0.05783043397080712,0.8746740783492699,0.9968404423380726,0.1408671039267226,0.2202652018869221,0.11389785258896022,-1.4821065566914229
0.3,8,0.3196837505907066,0.2342284482303863,1.0,1.0,59,59,7254185.0,122952.28813559322,73489.0,314351.3,119032.05084745762,72797.0,313817.6,338465.0,0.2382778109734277,0.9809479268950401,0.31968375053320247,0.029818679714315708,0.9691915085876848,0.057857290175451485,0.8746740783492699,0.9968404423380726,0.30579919950899825,0.4007639895034036,0.11602436826503858,-1.4803162494092934
0.3,16,0.3212073750397924,0.2354880643613155,1.0,1.0,59,59,7251400.0,122905.08474576271,73489.0,314351.3,119032.05084745762,72797.0,313817.6,338465.0,0.23959544828173246,0.9809027903570127,0.32120737498136365,0.029831563514595583,0.9691836281703904,0.05788152813233282,0.8746740783492699,0.9968404423380726,0.35513162540572385,0.4568587205884992,0.11792158328003936,-1.4787926249602077
0.3,24,0.3224313682499115,0.23643751201059116,1.0,1.0,59,59,7248774.0,122860.57627118644,73470.0,314351.3,119032.05084745762,72797.0,313817.6,338465.0,0.24060152551792094,0.9809027903570127,0.3224313681906899,0.029842980171301565,0.9691836281703904,0.05790301791030289,0.8746740783492699,0.9968404423380726,0.39064755249921773,0.4928554616621717,0.11935480880653479,-1.4775686317500885
0.3,32,0.3237470889552816,0.2374898401061805,1.0,1.0,59,59,7246422.0,122820.71186440678,73470.0,314351.3,119032.05084745762,72797.0,313817.6,338465.0,0.24169360290514671,0.9809027903570127,0.3237470888952442,0.02985306492958081,0.9691836281703904,0.0579220002233934,0.8746740783492699,0.9968404423380726,0.41104003080805845,0.515941366545826,0.12083754588308,-1.4762529110447185
0.3,48,0.3257464042577099,0.2391502027657609,1.0,1.0,59,59,7242714.0,122757.86440677966,73425.0,314351.3,119032.05084745762,72797.0,313817.6,338465.0,0.2434041206289082,0.9809027903570127,0.3257464041962879,0.02986927783927701,0.9691836281703904,0.05795251661441002,0.8746740783492699,0.9968404423380726,0.45355374192208225,0.556774610387061,0.12340623010095794,-1.4742535957422902
0.32,0,0.3855902524947184,0.28487990983371203,1.0,1.0,59,59,5302345.0,89870.25423728813,14432.0,307775.6,88390.13559322034,14427.0,307712.1,337549.0,0.2918377807449857,0.9760724341992643,0.3855902524039963,0.03978467772106401,0.9660984447996469,0.0764222292086101,0.8746740783492699,0.9968404423380726,0.20891866997136405,0.3114264612482641,0.18196186581690357,-1.4144097475052817
0.32,8,0.38776520188083713,0.28673958071400385,1.0,1.0,59,59,5300486.0,89838.74576271187,14427.0,307768.3,88390.13559322034,14427.0,307712.1,337549.0,0.2937596268997684,0.9760594867922286,0.38776520178889706,0.03979732050005256,0.9660931911881174,0.07644553739373788,0.8746740783492699,0.9968404423380726,0.42990657201104543,0.5280586837308421,0.18610930570366577,-1.412234798119163
0.32,16,0.3901417614111129,0.28878010597155146,1.0,1.0,59,59,5298759.0,89809.47457627118,14427.0,307754.8,88390.13559322034,14427.0,307712.1,337549.0,0.2959318126421373,0.9760594867922286,0.3901417613176579,0.039809636371242844,0.9660931911881174,0.0764682583411129,0.8746740783492699,0.9968404423380726,0.49008920458548005,0.5891291669439935,0.1914728378440509,-1.4098582385888871
0.32,24,0.39146954733850275,0.28988679013384056,1.0,0.9661016949152542,59,57,5297595.0,89789.74576271187,14427.0,307754.8,88389.45762711864,14427.0,307712.1,337549.0,0.2970580711907855,0.9760594867922286,0.39146954724451505,0.03981847842868245,0.9660931911881174,0.07648457027658401,0.8746740783492699,0.9968404423380726,0.5151130256761337,0.6152039024953644,0.1941063776247684,-1.3407338424920057
0.32,32,0.3925313854006413,0.29081868348877454,1.0,0.9491525423728814,59,56,5296388.0,89769.28813559322,14427.0,307754.8,88389.05084745762,14427.0,307712.1,337549.0,0.2980249484726466,0.9760594867922286,0.3925313853063517,0.03982552816544905,0.9660931911881174,0.07649757551154078,0.8746740783492699,0.9968404423380726,0.5410238148773135,0.6382157251057373,0.19671154922750828,-1.3057736993451214
0.32,48,0.39469001685249727,0.2927299074773425,1.0,0.8983050847457628,59,53,5294436.0,89736.20338983051,14427.0,307754.8,88386.86440677966,14427.0,307712.1,337549.0,0.30007186248327006,0.9760594867922286,0.39469001675784954,0.03983853252906507,0.9660931911881174,0.07652156526296593,0.8746740783492699,0.9968404423380726,0.5801046365584978,0.6725239513403645,0.20147342374611396,-1.2019201526390284
0.34,0,0.45002720310392214,0.3338599833557193,1.0,1.0,59,59,2703816.0,45827.38983050847,1724.0,280465.99999999994,44426.779661016946,463.0,279791.19999999995,314018.0,0.34288260253931896,0.9687945450995267,0.45002720297883686,0.07482623282947076,0.9622133990735257,0.13885448851861582,0.8746740783492699,0.9968404423380726,0.24807318040586185,0.3393567173316206,0.24237161982611172,-1.349972796896078
0.34,8,0.4516562306862555,0.33523087346074254,1.0,0.9322033898305084,59,55,2702116.0,45798.57627118644,1651.0,280424.89999999997,44426.457627118645,463.0,279791.19999999995,314018.0,0.3443231017639008,0.9687945450995267,0.45165623056056775,0.07487490120821093,0.9622133990735257,0.13893828168204206,0.8746740783492699,0.995260663507109,0.3861888638840447,0.4761323777496548,0.24521382546541903,-1.2127505489747614
0.34,16,0.4533734693277761,0.3366489900718851,1.0,0.8813559322033898,59,52,2700120.0,45764.745762711864,1612.0,280408.1,44425.898305084746,463.0,279791.19999999995,314018.0,0.3457550300250005,0.9687945450995267,0.4533734692012842,0.07492734938100466,0.9622133990735257,0.13902857377631406,0.8746740783492699,0.995260663507109,0.4248829999106272,0.5165564629425993,0.24785476241801563,-1.1093383950790034
0.34,24,0.45496593361743354,0.33794695608590325,1.0,0.847457627118644,59,50,2698530.0,45737.79661016949,1530.0,280392.8,44425.28813559322,463.0,279791.19999999995,314018.0,0.3470820797863809,0.9687945450995267,0.45496593349015196,0.07497483734460429,0.9622133990735257,0.13911031875076785,0.8746740783492699,0.995260663507109,0.4589767595955878,0.5487362832101654,0.25012961307278,-1.0399493206198547
0.34,32,0.45583045655784676,0.3386648564279193,1.0,0.8305084745762712,59,49,2696730.0,45707.28813559322,1431.0,280342.39999999997,44424.8813559322,463.0,279791.19999999995,314018.0,0.34783048488869084,0.9687945450995267,0.4558304564302489,0.07501053315961512,0.9622133990735257,0.13917175999291803,0.8746740783492699,0.995260663507109,0.46737642003385993,0.55846119251633,0.2510422326927713,-1.0051864925946956
0.34,48,0.45841467351783827,0.34076182334303107,1.0,0.8305084745762712,59,49,2694017.0,45661.30508474576,1335.0,280310.1,44424.8813559322,463.0,279791.19999999995,314018.0,0.34994766287698553,0.9687945450995267,0.4584146733888834,0.07508754444867854,0.9622133990735257,0.1393043008844055,0.8746740783492699,0.995260663507109,0.4942553445752131,0.5872125824620212,0.25374250199005305,-1.0026022756347042
0.36,0,0.5091088572849413,0.3836111518855612,1.0,0.9491525423728814,59,56,1750698.0,29672.84745762712,193.0,175480.49999999997,26469.98305084746,87.0,164490.39999999997,207682.0,0.39493947093276477,0.9596268083538793,0.5091088571329127,0.1080747988916028,0.9584820214846443,0.19424703819647865,0.8746740783492699,0.990521327014218,0.35275018525781443,0.43521534477092694,0.32105699758031664,-1.1891962274608217
0.36,8,0.5108782695596663,0.3852319729659389,1.0,0.7627118644067796,59,45,1748223.0,29630.898305084746,173.0,175422.99999999997,26469.186440677968,87.0,164490.39999999997,207682.0,0.3965953834570928,0.9596252028875876,0.5108782694071142,0.10819618708624097,0.958480708081762,0.1944430567118144,0.8746740783492699,0.990521327014218,0.44810659274956094,0.5399955302697206,0.3254457630328546,-0.814545459253893
0.36,16,0.5122996314407733,0.38644294360734405,1.0,0.711864406779661,59,42,1746397.0,29599.949152542373,140.0,175354.59999999998,26468.627118644068,87.0,164490.39999999997,207682.0,0.39785038229534164,0.9596233147057179,0.5122996312872872,0.10830790246300243,0.9584754544702324,0.19462333258437003,0.8746740783492699,0.990521327014218,0.505530500430052,0.59173592054711,0.3287999124685236,-0.7114291821185488
0.36,24,0.5129667464507546,0.38699430699864895,1.0,0.6610169491525424,59,39,1744840.0,29573.5593220339,118.0,175259.69999999998,26467.661016949154,87.0,164490.39999999997,207682.0,0.3984355305420883,0.9596233147057179,0.5129667462966467,0.1084025352377127,0.9584754544702324,0.19477610416564076,0.8746740783492699,0.990521327014218,0.5227915219316536,0.6094038716303998,0.3298820895823066,-0.6090671518543302
0.36,32,0.5137673510801011,0.38766958244690397,1.0,0.6440677966101694,59,38,1743414.0,29549.389830508473,94.0,175256.59999999998,26467.15254237288,87.0,164490.39999999997,207682.0,0.39913805327045426,0.959569068198741,0.5137673509255207,0.10847934182346261,0.9584360523837605,0.19489926325362264,0.8746740783492699,0.990521327014218,0.5514451719515646,0.6357883661505659,0.3313881795959576,-0.5743682421402379
0.36,48,0.5152713821078124,0.3890040518502119,1.0,0.576271186440678,59,34,1741274.0,29513.118644067796,87.0,175206.3,26464.389830508473,87.0,164490.39999999997,207682.0,0.4005273740177018,0.9595492422891094,0.5152713819527952,0.10858644744206299,0.9583808894627001,0.19507096887335745,0.8746740783492699,0.990521327014218,0.579698587482911,0.6604978629238122,0.33454738632147696,-0.4372709907735436
0.38,0,0.5642303239527124,0.4260150601323483,1.0,0.7796610169491526,59,46,47743.0,809.2033898305085,51.0,3235.4999999999986,384.7118644067797,29.0,1688.4999999999952,3361.0,0.4398652294757827,0.9533496377507416,0.5642303237595374,0.5351342479706959,0.9549699821771229,0.6859079155774874,0.8746740783492699,0.990521327014218,0.4369786220235893,0.5219075611745199,0.38009369320822045,-0.7950917099455928
0.38,8,0.5661696740147242,0.4276058367487647,1.0,0.559322033898305,59,33,46484.0,787.8644067796611,37.0,3220.9999999999986,383.96610169491527,29.0,1688.4999999999952,3361.0,0.4415194161399666,0.9533496377507416,0.5661696738200227,0.5370504827276494,0.9549699821771229,0.687479966906985,0.8746740783492699,0.990521327014218,0.5201669271772057,0.6012180684174004,0.38309828217254815,-0.35247439378188594
0.38,16,0.5680769100006267,0.42921398981061804,1.0,0.5254237288135594,59,31,45335.0,768.3898305084746,29.0,3190.3999999999983,383.47457627118644,29.0,1688.4999999999952,3361.0,0.44320989954634177,0.9533252449327569,0.5680769098045734,0.5388972972011438,0.9549450275223574,0.6889847553391848,0.8746740783492699,0.990521327014218,0.547798421852153,0.6306849821418842,0.38611936123376117,-0.2827705476264921
0.38,24,0.5698238441742299,0.43061399181515086,1.0,0.5254237288135594,59,31,44400.0,752.542372881356,29.0,3188.3999999999987,383.47457627118644,29.0,1688.4999999999952,3361.0,0.44465881072016206,0.9533252449327569,0.5698238439764544,0.5404595575390956,0.9549450275223574,0.6902602442237175,0.8746740783492699,0.990521327014218,0.569238189117098,0.6528231750678976,0.38911858915110337,-0.28102361345288884
0.38,32,0.5710389760461319,0.4316625194997207,1.0,0.4915254237288136,59,29,43772.0,741.8983050847457,0.0,3162.4999999999986,382.50847457627117,0.0,1688.4999999999952,3361.0,0.44575199594394876,0.9533252449327569,0.5710389758477555,0.5416008980534973,0.9549450275223574,0.6911903947068219,0.8746740783492699,0.990521327014218,0.5873330296846854,0.6684684724159845,0.39147702105996596,-0.21201187141149536
0.38,48,0.5730030131645354,0.43325975486507984,1.0,0.4576271186440678,59,27,42483.0,720.0508474576271,0.0,3079.199999999998,381.1525423728813,0.0,1688.4999999999952,3361.0,0.44741622247985563,0.9529786661534636,0.5730030129645287,0.544195077841604,0.954843895500413,0.6932726330389706,0.8746740783492699,0.9881516587677726,0.6118653022472369,0.69190178488742,0.394751083507977,-0.14225122412360025
0.4,0,0.606296890621695,0.4625473324804555,1.0,0.4915254237288136,59,29,19693.0,333.77966101694915,0.0,1611.3,134.66101694915255,0.0,715.5,832.0,0.47952093577747823,0.9487696845328766,0.6062968904045213,0.590079691753243,0.9517981142161415,0.72851004881658,0.8746740783492699,0.9889415481832543,0.5440039797260042,0.6276984250119769,0.44629516073046727,-0.1767539568359322
0.4,8,0.6076706883537855,0.4636192504538647,1.0,0.423728813559322,59,25,18814.0,318.8813559322034,0.0,1535.5999999999997,134.5593220338983,0.0,715.5,832.0,0.48061954668819296,0.9487689019475904,0.607670688135631,0.5916110645322196,0.9517941740074943,0.7296748131202474,0.8746740783492699,0.9889415481832543,0.5984224661131516,0.6774634266794434,0.44801805460537214,-0.039786938764858615
0.4,16,0.6091433847623147,0.4648205254939335,1.0,0.4067796610169492,59,24,17873.0,302.93220338983053,0.0,1466.3999999999999,134.38983050847457,0.0,715.5,832.0,0.48185221934355543,0.9487689019475904,0.6091433845429954,0.5931363682124257,0.9517941740074943,0.7308338132086565,0.8746740783492699,0.9889415481832543,0.6212977334792816,0.6988170840121598,0.4504429357543848,-0.004415937271583736
0.4,24,0.610803505927294,0.46610137680940633,1.0,0.3728813559322034,59,22,17101.0,289.8474576271187,0.0,1426.7999999999997,133.67796610169492,0.0,715.5,832.0,0.4831605445739874,0.9487689019475904,0.6108035057063093,0.5947642414945803,0.9517941740074943,0.7320682287694273,0.8746740783492699,0.9889415481832543,0.6379295158114505,0.714287362112843,0.4523993152045168,0.06504079406288721
0.4,32,0.6122625477064852,0.4673939563017304,1.0,0.3728813559322034,59,22,16524.0,280.06779661016947,0.0,1403.3999999999994,133.67796610169492,0.0,715.5,832.0,0.4845042453428292,0.9487575728563724,0.6122625474850615,0.596000694158296,0.9517626523383168,0.7329947472287156,0.8746740783492699,0.9889415481832543,0.6561460829295701,0.731433666386273,0.4548202667215823,0.06649983584207841
0.4,48,0.6143259676888274,0.4691545815702366,1.0,0.3389830508474576,59,20,15443.0,261.7457627118644,0.0,1395.2999999999995,132.4406779661017,0.0,715.5,832.0,0.4863488562873705,0.9484577530516648,0.6143259674659489,0.5981081986861895,0.9516536398990781,0.7345539555326667,0.8746740783492699,0.9865718799368088,0.6823049580751003,0.7540289611086199,0.45851187688983247,0.1363598659939122
0.42,0,0.6374150712615756,0.4902965850726484,1.0,0.4406779661016949,59,26,8274.0,140.23728813559322,0.0,797.6999999999997,73.55932203389831,0.0,417.1,600.0,0.5097739681696667,0.943850295785305,0.6374150710269834,0.6214959140865501,0.9487444525145755,0.7510197970854623,0.8746740783492699,0.9889415481832543,0.5790597696812725,0.6597530852934698,0.49408420422650157,-0.04394086094181415
0.42,8,0.6389805427000705,0.4916724915748937,1.0,0.4067796610169492,59,24,7740.0,131.1864406779661,0.0,784.6999999999999,73.52542372881356,0.0,417.1,600.0,0.5111860681137984,0.9438465522335729,0.638980542464824,0.6224332759455626,0.9487365720972811,0.7517013050059134,0.8746740783492699,0.9889415481832543,0.6161228568693023,0.6992716784498777,0.4969549009678716,0.02542122066617214
0.42,16,0.6411335083667293,0.49369095230639837,1.0,0.3559322033898305,59,21,7212.0,122.23728813559322,0.0,750.5999999999999,72.88135593220339,0.0,417.1,600.0,0.5132870338924564,0.9438394715515617,0.6411335081315231,0.6235858202609386,0.9487168710540452,0.7525349813359948,0.8746740783492699,0.9889415481832543,0.6568002823926994,0.7378497046868212,0.5017973221592108,0.1292691015870684
0.42,24,0.6421279567847825,0.494650355466972,1.0,0.3220338983050847,59,19,6887.0,116.72881355932203,0.0,713.8999999999999,72.13559322033899,0.0,417.1,600.0,0.5142710491058556,0.9438394715515617,0.6421279565493673,0.6243501169897462,0.9487168710540452,0.7530912465073606,0.8746740783492699,0.9889415481832543,0.6796574712033312,0.758328357155995,0.5041953397311988,0.1980601601746131
0.42,32,0.6435262658137108,0.4959997719288876,1.0,0.2711864406779661,59,16,6397.0,108.42372881355932,0.0,653.6999999999999,70.7457627118644,0.0,417.1,600.0,0.5156689837023091,0.9436217375159063,0.6435262655778902,0.625283302427614,0.9486459472983959,0.7537473121673962,0.8746740783492699,0.9865718799368088,0.7025057288682882,0.7763503649341397,0.5076612923510447,0.30115338445777856
0.42,48,0.6452646396921606,0.49755575973548405,1.0,0.2542372881355932,59,15,5936.0,100.61016949152543,0.0,614.5,69.94915254237289,0.0,417.1,600.0,0.5174781996004646,0.9436217375159063,0.6452646394557706,0.6264346233270859,0.9486459472983959,0.7545831975194109,0.8746740783492699,0.9865718799368088,0.7258011735499887,0.7971421416919048,0.511138705458231,0.33679006342097423
0.44,0,0.6639824160607077,0.5163323012072396,1.0,0.4067796610169492,59,24,2709.0,45.91525423728814,0.0,246.49999999999997,31.11864406779661,0.0,145.79999999999944,572.0,0.5387577336336403,0.9394280718677004,0.6639824158199169,0.6423090027238819,0.9458510259646615,0.7650723078761802,0.8746740783492699,0.9889415481832543,0.6151220095417275,0.6951833838106664,0.5464780992592333,0.050423094026809334
0.44,8,0.6658796710453772,0.518300676231373,1.0,0.288135593220339,59,17,2201.0,37.30508474576271,0.0,183.8999999999996,30.559322033898304,0.0,145.79999999999944,572.0,0.5408275913145054,0.9394197761471189,0.6658796708048781,0.6432566128846406,0.9458313249214256,0.7657376787708012,0.8746740783492699,0.9889415481832543,0.6805706010682315,0.7611755016968288,0.5514322806522279,0.2896084846046992
0.44,16,0.6672619624136962,0.5197277018607017,1.0,0.2033898305084746,59,12,2045.0,34.66101694915254,0.0,183.8999999999996,29.74576271186441,0.0,145.79999999999944,572.0,0.5423988936290959,0.9394197761471189,0.6672619621736577,0.6437586153260281,0.9458313249214256,0.7660932529160486,0.8746740783492699,0.9889415481832543,0.7158259986459038,0.7935427395143034,0.5552479697443272,0.460482301396747
0.44,24,0.6679101576862073,0.5204020955901021,1.0,0.2033898305084746,59,12,1958.0,33.186440677966104,0.0,183.8999999999996,29.74576271186441,0.0,145.79999999999944,572.0,0.5431128580215221,0.9392724764793486,0.6679101574460411,0.6440923711015624,0.9457853558205419,0.7663144430143136,0.8746740783492699,0.9865718799368088,0.7406962310990747,0.8113227741189827,0.5573273424020824,0.46113049666925815
0.44,32,0.6681594776613687,0.5206320671834415,1.0,0.1864406779661017,59,11,1930.0,32.71186440677966,0.0,183.8999999999996,29.271186440677965,0.0,145.79999999999944,572.0,0.5433875904774448,0.9392371562209327,0.6681594774211137,0.6443320370592415,0.9457564609571292,0.7664745551089096,0.8746740783492699,0.9865718799368088,0.7510663507109003,0.8194022144259111,0.5579330493299937,0.49527812172916535
0.44,48,0.6692737210727054,0.5218810615016121,1.0,0.1864406779661017,59,11,1850.0,31.35593220338983,0.0,147.89999999999938,29.271186440677965,0.0,145.79999999999944,572.0,0.54491875237875,0.9392371562209327,0.6692737208326849,0.644911992849447,0.9457564609571292,0.7668847427337857,0.8746740783492699,0.9865718799368088,0.7723030918528548,0.8367496905411598,0.5612474566696658,0.49639236514050206
0.46,0,0.681390792720613,0.5350733131102778,1.0,0.2033898305084746,59,12,1142.0,19.35593220338983,0.0,68.29999999999902,18.11864406779661,0.0,64.59999999999923,548.0,0.5609823726270022,0.9350221406431573,0.6813907924819014,0.6550883112688226,0.9429523458032181,0.7730930462695454,0.8746740783492699,0.9877567140600315,0.6895264424885277,0.7721063033859243,0.5889526592916051,0.4746111317036638
0.46,8,0.6818065669987875,0.5355462717002669,1.0,0.11864406779661017,59,7,1108.0,18.779661016949152,0.0,68.29999999999902,17.949152542372882,0.0,64.59999999999923,548.0,0.5615119359525407,0.9350123677919498,0.6818065667605271,0.655197495046767,0.9429339581628646,0.7731628911277078,0.8746740783492699,0.9877567140600315,0.7483167832693899,0.8190017986226515,0.5904090820459867,0.6445184314055672
0.46,16,0.6820599991690469,0.5358323950863361,1.0,0.0847457627118644,59,5,1092.0,18.508474576271187,0.0,68.29999999999902,17.677966101694917,0.0,64.59999999999923,548.0,0.5618210937330098,0.9349371402285707,0.6820599989307506,0.6553749782050451,0.9429208241340407,0.7732820341035039,0.8746740783492699,0.985387045813586,0.7747856014443693,0.8368074789875737,0.5914429729986928,0.6820599991690469
0.46,24,0.6822686065735141,0.5360295847194321,1.0,0.0847457627118644,59,5,1092.0,18.508474576271187,0.0,68.29999999999902,17.677966101694917,0.0,64.59999999999923,548.0,0.5620202267005041,0.9349371402285707,0.6822686063351158,0.6555569049604021,0.9429208241340407,0.7734086573007259,0.8746740783492699,0.985387045813586,0.7884168359286843,0.8471235715311544,0.5922151275875203,0.6822686065735141
0.46,32,0.6825811768122722,0.5363446641838688,1.0,0.0847457627118644,59,5,1092.0,18.508474576271187,0.0,68.29999999999902,17.677966101694917,0.0,64.59999999999923,548.0,0.5625683739036387,0.9349371402285707,0.6825811765739078,0.655690422043821,0.9429208241340407,0.7735015684502052,0.8746740783492699,0.985387045813586,0.7941830286617017,0.8524948195564309,0.5931200769602331,0.6825811768122722
0.46,48,0.6833797944863448,0.5372603359710072,1.0,0.06779661016949153,59,4,1059.0,17.949152542372882,0.0,68.29999999999902,17.11864406779661,0.0,64.59999999999923,548.0,0.5636118688760487,0.9349105659291072,0.6833797942486816,0.6560143505166698,0.9428748550331568,0.7737114410380574,0.8746740783492699,0.985387045813586,0.807678853531934,0.8618079919027787,0.5950280266816235,0.6833797944863448
0.48,0,0.6901644648886127,0.5449682946056745,1.0,0.1016949152542373,59,6,908.0,15.389830508474576,0.0,47.099999999999426,15.271186440677965,0.0,46.399999999999466,526.0,0.5737793698844486,0.9306205153256011,0.6901644646490005,0.6645618562682473,0.9402336018366626,0.7787202843909157,0.8746740783492699,0.9877567140600315,0.7477883096366509,0.8184608440532611,0.6105615131568903,0.6867746343801382
0.48,8,0.6902463090772142,0.5450703295138624,1.0,0.0847457627118644,59,5,899.0,15.23728813559322,0.0,46.399999999999466,15.23728813559322,0.0,46.399999999999466,526.0,0.5738994661168361,0.9305979470565874,0.6902463088377073,0.6646022587488222,0.9402296616280154,0.7787466698866374,0.8746740783492699,0.985387045813586,0.7727036786278492,0.8344576434623827,0.6107471867622482,0.6902463090772142
0.48,16,0.6904548156677555,0.5452810908313311,1.0,0.06779661016949153,59,4,889.0,15.067796610169491,0.0,46.399999999999466,15.067796610169491,0.0,46.399999999999466,526.0,0.5741466451396628,0.9305721897930391,0.6904548154282056,0.6647602279554675,0.9402191544049563,0.7788514996262766,0.8746740783492699,0.985387045813586,0.7907977883096368,0.8487635324128215,0.6115569342925571,0.6904548156677555
0.48,24,0.6904852103637861,0.545322020660978,1.0,0.06779661016949153,59,4,889.0,15.067796610169491,0.0,46.399999999999466,15.067796610169491,0.0,46.399999999999466,526.0,0.5741880785313234,0.9305721897930391,0.6904852101242391,0.6648194944004399,0.9402191544049563,0.778892175988841,0.8746740783492699,0.985387045813586,0.7951421800947868,0.8520284086634797,0.6117316135277951,0.6904852103637861
0.48,32,0.6907777085336861,0.5456332307699718,1.0,0.06779661016949153,59,4,889.0,15.067796610169491,0.0,46.399999999999466,15.067796610169491,0.0,46.399999999999466,526.0,0.5747388257013647,0.9305524488848661,0.6907777082942186,0.6649799996655773,0.940185005930014,0.7789905994081169,0.8746740783492699,0.985387045813586,0.8024768675242608,0.8578209310436798,0.6124766942692152,0.6907777085336861
0.48,48,0.6910637347437676,0.5459372134575133,1.0,0.05084745762711865,59,3,852.0,14.440677966101696,0.0,13.099999999999255,14.440677966101696,0.0,13.099999999999255,526.0,0.5750577756638319,0.9305524488848661,0.6910637345043265,0.6653341500071103,0.940185005930014,0.7792335450582107,0.8746740783492699,0.985387045813586,0.8137779282329045,0.8662077785300534,0.613305041817107,0.6910637347437676
0.5,0,0.697371212545622,0.5533596035020311,1.0,0.06779661016949153,59,4,809.0,13.711864406779661,0.0,36.39999999999969,13.288135593220339,0.0,33.899999999999835,509.0,0.5851665900366845,0.9260679688745571,0.6973712123050861,0.6729512609256814,0.9374964702297536,0.7834956944574029,0.8746740783492699,0.985387045813586,0.7722635973820806,0.8341433974135396,0.6269070324153826,0.697371212545622
0.5,8,0.6974149443457333,0.553404481841136,1.0,0.06779661016949153,59,4,809.0,13.711864406779661,0.0,36.39999999999969,13.288135593220339,0.0,33.899999999999835,509.0,0.5852139416404083,0.9260679688745571,0.6974149441051861,0.6729791777644735,0.9374964702297536,0.783514615049401,0.8746740783492699,0.985387045813586,0.787096592191379,0.8450900337156262,0.6271021699465203,0.6974149443457333
0.5,16,0.6975283670856167,0.5535212400815164,1.0,0.06779661016949153,59,4,809.0,13.711864406779661,0.0,36.39999999999969,13.288135593220339,0.0,33.899999999999835,509.0,0.5853411411055812,0.9260600662172321,0.6975283668450846,0.6730713196583807,0.9374780825894,0.7835706366021539,0.8746740783492699,0.985387045813586,0.7923775671406003,0.8498957072416788,0.6275507526196433,0.6975283670856167
0.5,24,0.6977106520315399,0.5537232619030596,1.0,0.06779661016949153,59,4,809.0,13.711864406779661,0.0,36.39999999999969,13.288135593220339,0.0,33.899999999999835,509.0,0.5857656868325402,0.9260426031061563,0.6977106517910742,0.6731765884262538,0.937447874323105,0.7836314131067268,0.8746740783492699,0.985387045813586,0.7995542766869782,0.8553045690486448,0.6280129356409796,0.6977106520315399
0.5,32,0.6978297313716286,0.5538513104079749,1.0,0.05084745762711865,59,3,753.0,12.76271186440678,0.0,5.999999999999659,12.76271186440678,0.0,5.999999999999659,509.0,0.5858971452624475,0.9260426031061563,0.697829731131178,0.6733156613776579,0.937447874323105,0.7837256326172519,0.8746740783492699,0.985387045813586,0.8024148047844729,0.8578876100203116,0.628388302353574,0.6978297313716286
0.5,48,0.6983908553933109,0.5544865948118584,1.0,0.05084745762711865,59,3,753.0,12.76271186440678,0.0,5.999999999999659,12.76271186440678,0.0,5.999999999999659,509.0,0.5872826106119399,0.9257142933397736,0.6983908551529401,0.6738103375674823,0.9373454288982782,0.7840248013371806,0.8746740783492699,0.985387045813586,0.8261227713834349,0.8748401414278191,0.6302330892104764,0.6983908553933109
0.52,0,0.7037224640318058,0.5608667014476318,1.0,0.06779661016949153,59,4,730.0,12.372881355932204,0.0,25.4999999999998,12.203389830508474,0.0,24.499999999999858,487.0,0.5955726729846871,0.9216224716711241,0.7037224637891685,0.6809209833976546,0.9348131881410227,0.7879191101787558,0.8746740783492699,0.985387045813586,0.7785939968404423,0.8384276071479863,0.6414291297061337,0.7037224640318058
0.52,8,0.7037555233623817,0.5609047784046138,1.0,0.06779661016949153,59,4,730.0,12.372881355932204,0.0,25.4999999999998,12.203389830508474,0.0,24.499999999999858,487.0,0.5956205980347807,0.9216139011061136,0.7037555231197511,0.6809462487395023,0.9348013675150811,0.7879318256418262,0.8746740783492699,0.985387045813586,0.7844617467840217,0.84319327328806,0.6415003373341979,0.7037555233623817
0.52,16,0.7038995652915434,0.5610792268763348,1.0,0.06779661016949153,59,4,720.0,12.203389830508474,0.0,24.499999999999858,12.203389830508474,0.0,24.499999999999858,487.0,0.5959953060034767,0.9215360033844937,0.703899565048919,0.681066985645933,0.9347685324430213,0.7880009809669167,0.8746740783492699,0.985387045813586,0.7959546377792822,0.8524849031958037,0.6418771535990718,0.7038995652915434
0.52,24,0.7039152355867103,0.5611519907247194,1.0,0.05084745762711865,59,3,698.0,11.830508474576272,0.0,4.699999999999733,11.830508474576272,0.0,4.699999999999733,487.0,0.5960583331202285,0.9214014673808245,0.7039152353440148,0.6811912972816209,0.9347396375796087,0.7880739115847007,0.8746740783492699,0.985387045813586,0.8022793951703905,0.8576219199441949,0.642026468171907,0.7039152355867103
0.52,32,0.7042220116774074,0.5614913818993833,1.0,0.05084745762711865,59,3,698.0,11.830508474576272,0.0,4.699999999999733,11.830508474576272,0.0,4.699999999999733,487.0,0.5964317606522394,0.9214014673808245,0.7042220114347748,0.6814254446016824,0.9347396375796087,0.7882305838025162,0.8746740783492699,0.985387045813586,0.8169600541638457,0.8681537788172861,0.6431135752374124,0.7042220116774074
0.52,48,0.7046595214424263,0.5620281786974982,1.0,0.03389830508474576,59,2,651.0,11.033898305084746,0.0,0.0,11.033898305084746,0.0,0.0,487.0,0.5977648039129553,0.921194191434918,0.7046595211999109,0.6817568706794807,0.93469104167296,0.7884349811132831,0.8746740783492699,0.985387045813586,0.829598284811555,0.8773602648010231,0.6444530540115744,0.7046595214424263
0.54,0,0.7098537723874025,0.5682091560537837,1.0,0.06779661016949153,59,4,663.0,11.23728813559322,0.0,15.39999999999992,11.23728813559322,0.0,15.39999999999992,470.0,0.6064035753916812,0.9169340728297565,0.7098537721411871,0.6887931645301779,0.9320497884764658,0.7921674609048399,0.8746740783492699,0.985387045813586,0.7808733920108328,0.8402067390219049,0.6537132026689592,0.7098537723874025
0.54,8,0.709905937599734,0.5682684439196137,1.0,0.06779661016949153,59,4,663.0,11.23728813559322,0.0,15.39999999999992,11.23728813559322,0.0,15.39999999999992,470.0,0.6064714748069236,0.9169312504521404,0.7099059373535314,0.6888357817204781,0.9320432214620539,0.7921932726532904,0.8746740783492699,0.985387045813586,0.7935736853983301,0.8500738597894996,0.6539398373625337,0.709905937599734
0.54,16,0.7100287187510802,0.5684355762831939,1.0,0.05084745762711865,59,3,649.0,11.0,0.0,2.799999999999841,11.0,0.0,2.799999999999841,470.0,0.6067897996122068,0.9168380439746342,0.7100287185048753,0.6889308511929322,0.9320116997928763,0.792244750771182,0.8746740783492699,0.985387045813586,0.803385240352065,0.8577911819617982,0.65436229036372,0.7100287187510802
0.54,24,0.7101381491486763,0.568550461872931,1.0,0.05084745762711865,59,3,649.0,11.0,0.0,2.799999999999841,11.0,0.0,2.799999999999841,470.0,0.6069163034085597,0.9168380439746342,0.7101381489024625,0.6891155029041057,0.9320116997928763,0.792366829878345,0.8746740783492699,0.985387045813586,0.814601670051907,0.8661414414968918,0.6548256156982342,0.7101381491486763
0.54,32,0.7103226630995325,0.5687747502474061,1.0,0.03389830508474576,59,2,621.0,10.525423728813559,0.0,0.0,10.525423728813559,0.0,0.0,470.0,0.607814049254138,0.9166811865020563,0.710322662853347,0.6892589951956981,0.9319749245121693,0.7924483841697494,0.8746740783492699,0.985387045813586,0.8244527194764163,0.8730873392010833,0.6554961512608688,0.7103226630995325
0.54,48,0.7107972872035812,0.5693309795916432,1.0,0.03389830508474576,59,2,621.0,10.525423728813559,0.0,0.0,10.525423728813559,0.0,0.0,470.0,0.6084090015518107,0.9166811865020563,0.7107972869575602,0.689546335751386,0.9319749245121693,0.7926382588472369,0.8746740783492699,0.985387045813586,0.8317535545023697,0.8792447152636725,0.6568453544499762,0.7107972872035812
0.56,0,0.7155748495483126,0.5751547337489998,1.0,0.06779661016949153,59,4,597.0,10.11864406779661,0.0,9.599999999999966,10.11864406779661,0.0,9.599999999999966,442.0,0.616757858196191,0.9124334919577178,0.7155748492994145,0.6964997706155576,0.9292036444303181,0.7961970421063471,0.8746740783492699,0.985387045813586,0.790995260663507,0.8475415367557243,0.6653994626356695,0.7155748495483126
0.56,8,0.7156469227595438,0.5752389513722391,1.0,0.06779661016949153,59,4,597.0,10.11864406779661,0.0,9.599999999999966,10.11864406779661,0.0,9.599999999999966,442.0,0.6169845062866414,0.912411349810541,0.7156469225106569,0.6965501827844875,0.9291931372072589,0.7962261220511655,0.8746740783492699,0.985387045813586,0.8032272624689686,0.8574206255447656,0.6655146978999926,0.7156469227595438
0.56,16,0.7156906099164505,0.5753037167579047,1.0,0.03389830508474576,59,2,573.0,9.711864406779661,0.0,0.0,9.711864406779661,0.0,0.0,442.0,0.6170919696366433,0.912337750819661,0.7156906096675407,0.696673582956581,0.9291747495669054,0.7962999857051042,0.8746740783492699,0.985387045813586,0.8153125705258407,0.8660642725770382,0.6656758664036585,0.7156906099164505
0.56,24,0.7157940155813827,0.5754247747839898,1.0,0.03389830508474576,59,2,573.0,9.711864406779661,0.0,0.0,9.711864406779661,0.0,0.0,442.0,0.6176952168844813,0.9122257097678195,0.7157940153324698,0.696764357106556,0.9291484815092576,0.7963496308036767,0.8746740783492699,0.985387045813586,0.8235838411193862,0.8722202808657479,0.6660384877667884,0.7157940155813827
0.56,32,0.7158340731820919,0.575464830644821,1.0,0.03389830508474576,59,2,573.0,9.711864406779661,0.0,0.0,9.711864406779661,0.0,0.0,442.0,0.6177494295838253,0.9122175214593122,0.7158340729331834,0.6968092284445863,0.9291103928256681,0.7963649463297666,0.8746740783492699,0.985387045813586,0.8252313247573911,0.8735367632248843,0.6661541403732493,0.7158340731820919
0.56,48,0.7162434856326904,0.575949846535293,1.0,0.03389830508474576,59,2,573.0,9.711864406779661,0.0,0.0,9.711864406779661,0.0,0.0,442.0,0.6182779138403939,0.9121993523639313,0.7162434853839159,0.6970498762775049,0.929030275249842,0.796492642521586,0.8746740783492699,0.985387045813586,0.8316745655608215,0.8793537952305724,0.6673626001221036,0.7162434856326904
0.58,0,0.7213076019860655,0.5821163283335321,1.0,0.06779661016949153,59,4,546.0,9.254237288135593,0.0,5.099999999999994,9.254237288135593,0.0,5.099999999999994,422.0,0.6271581123984977,0.9081270598400175,0.7213076017360845,0.7038953495914838,0.9263850818447006,0.7999582629682515,0.8746740783492699,0.985387045813586,0.8018054615211012,0.855344344795499,0.6761070653822989,0.7213076019860655
0.58,8,0.7213443060667142,0.5821561346699464,1.0,0.03389830508474576,59,2,535.0,9.067796610169491,0.0,0.0,9.067796610169491,0.0,0.0,422.0,0.6272605930547812,0.9080951031314707,0.721344305816717,0.7039558059574128,0.9263758880245239,0.7999938752108232,0.8746740783492699,0.985387045813586,0.8125479575716542,0.8639315711552372,0.6761305944051622,0.7213443060667142
0.58,16,0.7213855208560033,0.5822045903231601,1.0,0.03389830508474576,59,2,535.0,9.067796610169491,0.0,0.0,9.067796610169491,0.0,0.0,422.0,0.6276536644622933,0.9080222764477737,0.7213855206059898,0.7039983390992408,0.9263588137870528,0.8000149723776646,0.8746740783492699,0.985387045813586,0.8187655156849468,0.8681128559052423,0.6762583947514493,0.7213855208560033
0.58,24,0.7214824851699245,0.5823148764085854,1.0,0.03389830508474576,59,2,535.0,9.067796610169491,0.0,0.0,9.067796610169491,0.0,0.0,422.0,0.6277819002694783,0.9080163469829926,0.7214824849199317,0.7040722509336339,0.9263312323265225,0.8000524073343044,0.8746740783492699,0.985387045813586,0.8238095238095239,0.8719569843939207,0.6766037162367887,0.7214824851699245
0.58,32,0.7217205563975381,0.58258303271294,1.0,0.03389830508474576,59,2,535.0,9.067796610169491,0.0,0.0,9.067796610169491,0.0,0.0,422.0,0.6280667417139588,0.9080075427167974,0.7217205561476183,0.7042004740860265,0.9262918302400507,0.8001204841830475,0.8746740783492699,0.985387045813586,0.8289889415481834,0.8763314672044223,0.6774574375124826,0.7217205563975381
0.58,48,0.722306758638452,0.5833000846576379,1.0,0.03389830508474576,59,2,535.0,9.067796610169491,0.0,0.0,9.067796610169491,0.0,0.0,422.0,0.6288190456844825,0.9080008414247579,0.722306758388947,0.7045281311157042,0.926262935376638,0.8003211547954766,0.8746740783492699,0.985387045813586,0.8376777251184834,0.8832693899044609,0.6791275350891497,0.722306758638452
0.6,0,0.7261083402384219,0.5881039971474404,1.0,0.03389830508474576,59,2,511.0,8.661016949152541,0.0,0.0,8.661016949152541,0.0,0.0,409.0,0.6373457273724725,0.9029458258765231,0.7261083399830216,0.7114068083220246,0.9233130325027812,0.8036253810971253,0.8746740783492699,0.9842022116903633,0.8066971338298352,0.8580610856638987,0.685580539979326,0.7261083402384219
0.6,8,0.7261329650791705,0.5881328585025746,1.0,0.03389830508474576,59,2,511.0,8.661016949152541,0.0,0.0,8.661016949152541,0.0,0.0,409.0,0.6375060857573582,0.9029234176661549,0.726132964823765,0.7114365981666305,0.9233077788912516,0.8036423975439938,0.8746740783492699,0.9842022116903633,0.8168528548860302,0.8653755984286483,0.6855495243206714,0.7261329650791705
0.6,16,0.7262395609062167,0.5882556145142692,1.0,0.03389830508474576,59,2,511.0,8.661016949152541,0.0,0.0,8.661016949152541,0.0,0.0,409.0,0.6376311722234903,0.9029234176661549,0.7262395606508887,0.7114834003163772,0.9233077788912516,0.8036722566395457,0.8746740783492699,0.9842022116903633,0.8213552245542766,0.8691896358919748,0.6859734168921839,0.7262395609062167
0.6,24,0.726627881797481,0.5887152491512395,1.0,0.03389830508474576,59,2,511.0,8.661016949152541,0.0,0.0,8.661016949152541,0.0,0.0,409.0,0.6381127474024847,0.9029183352677711,0.7266278815424256,0.7115984192348027,0.9232841376393685,0.8037366721985392,0.8746740783492699,0.9842022116903633,0.8301342812006319,0.8761105717228633,0.687294810332351,0.726627881797481
0.6,32,0.726773018740188,0.5889088830723908,1.0,0.03389830508474576,59,2,511.0,8.661016949152541,0.0,0.0,8.661016949152541,0.0,0.0,409.0,0.6383425827219505,0.9029051997711425,0.7267730184851938,0.7117094951704027,0.9232263479125431,0.8037856173754646,0.8746740783492699,0.9842022116903633,0.8333897540058677,0.8790265553298727,0.6876816526780359,0.726773018740188
0.6,48,0.7244034357663286,0.5873894410414736,0.995260663507109,0.03389830508474576,59,2,511.0,8.661016949152541,0.0,0.0,8.661016949152541,0.0,0.0,409.0,0.6389026410179964,0.9011017354419892,0.724403435483105,0.7120480585130631,0.9231698715886002,0.8039800721871352,0.8746740783492699,0.9794628751974723,0.8412322274881516,0.8805386293537952,0.6842769255608173,0.7244034357663286
0.62,0,0.7315040101277278,0.5948447019173083,1.0,0.03389830508474576,59,2,476.0,8.067796610169491,0.0,0.0,8.067796610169491,0.0,0.0,391.0,0.6480548335207681,0.8981490033195692,0.7315040098688602,0.7187752953885833,0.9201884470455659,0.807105984975641,0.8746740783492699,0.9842022116903633,0.8107707063868203,0.8613864859087301,0.6958618300997943,0.7315040101277278
0.62,8,0.7315370576063737,0.5948860808540684,1.0,0.03389830508474576,59,2,476.0,8.067796610169491,0.0,0.0,8.067796610169491,0.0,0.0,391.0,0.6480966437500595,0.8981490033195692,0.7315370573475429,0.7187863566693136,0.9201884470455659,0.807112958419998,0.8746740783492699,0.9842022116903633,0.8134563303994584,0.8634627666579966,0.695982751240296,0.7315370576063737
0.62,16,0.7317733791664764,0.5951645667943477,1.0,0.03389830508474576,59,2,476.0,8.067796610169491,0.0,0.0,8.067796610169491,0.0,0.0,391.0,0.6483927337668098,0.8981453326985142,0.7317733789078373,0.7188629955386642,0.9201713728080948,0.807154703086504,0.8746740783492699,0.9842022116903633,0.8229462875197472,0.8709930457522569,0.6967983247594904,0.7317733791664764
0.62,24,0.7318783213436365,0.5953027043630008,1.0,0.03389830508474576,59,2,476.0,8.067796610169491,0.0,0.0,8.067796610169491,0.0,0.0,391.0,0.6485417117826362,0.8981363726313061,0.7318783210850387,0.7189590978875725,0.9201319707216229,0.807200117524722,0.8746740783492699,0.9842022116903633,0.8279395170390431,0.8748794649268582,0.697187368959469,0.7318783213436365
0.62,32,0.7320357954980399,0.5955108983937031,1.0,0.03389830508474576,59,2,476.0,8.067796610169491,0.0,0.0,8.067796610169491,0.0,0.0,391.0,0.6487759969052195,0.8981363726313061,0.7320357952395099,0.7190601947885993,0.9201319707216229,0.8072638315622573,0.8746740783492699,0.9842022116903633,0.8315730083502595,0.8780615908577993,0.6977117182163037,0.7320357954980399
0.62,48,0.7300730178091074,0.5944297258766151,0.995260663507109,0.03389830508474576,59,2,476.0,8.067796610169491,0.0,0.0,8.067796610169491,0.0,0.0,391.0,0.6496842537827489,0.8965426134567055,0.730073017524196,0.7195573775038235,0.9200820614120919,0.8075578319044672,0.8746740783492699,0.9794628751974723,0.8458925750394946,0.884087318684475,0.6949812989801413,0.7300730178091074
0.64,0,0.7359703658183736,0.600666683424824,1.0,0.03389830508474576,59,2,433.0,7.338983050847458,0.0,0.0,7.338983050847458,0.0,0.0,365.0,0.6586214455889497,0.8925495936110027,0.7359703655532089,0.7262436048676866,0.9169154470626402,0.8105167650707423,0.8746740783492699,0.9842022116903633,0.8040566463552246,0.8568071789597549,0.7056059005437817,0.7359703658183736
0.64,8,0.7359973856845125,0.6006964531231433,1.0,0.03389830508474576,59,2,433.0,7.338983050847458,0.0,0.0,7.338983050847458,0.0,0.0,365.0,0.6586883970205792,0.8925240790134635,0.7359973854193348,0.7262704203021731,0.9169101934511106,0.8105314120716258,0.8746740783492699,0.9842022116903633,0.8138625592417061,0.8648903806448524,0.7057183607091335,0.7359973856845125
0.64,16,0.7361372245072224,0.6008797031942248,1.0,0.03389830508474576,59,2,433.0,7.338983050847458,0.0,0.0,7.338983050847458,0.0,0.0,365.0,0.6588835748091334,0.8925152524128535,0.7361372242421824,0.7263162823120581,0.9168707913646388,0.8105445754930578,0.8746740783492699,0.9842022116903633,0.8210674791243511,0.8699616339426767,0.7062587801444143,0.7361372245072224
0.64,24,0.7363346833881405,0.6011297721244417,1.0,0.03389830508474576,59,2,433.0,7.338983050847458,0.0,0.0,7.338983050847458,0.0,0.0,365.0,0.6592270226191247,0.8925152524128535,0.7363346831231652,0.7264621590064749,0.9168707913646388,0.8106354034638102,0.8746740783492699,0.9842022116903633,0.8272286165651095,0.8751184834123221,0.7068303885375397,0.7363346833881405
0.64,32,0.7363875685162297,0.6011913113354171,1.0,0.03389830508474576,59,2,433.0,7.338983050847458,0.0,0.0,7.338983050847458,0.0,0.0,365.0,0.6592890054192678,0.8925152524128535,0.7363875682512592,0.7265506205604558,0.9168707913646388,0.8106904748909248,0.8746740783492699,0.9842022116903633,0.8293613179869105,0.8769239449334235,0.7070074443689937,0.7363875685162297
0.64,48,0.7347400899935163,0.6004483832747625,0.995260663507109,0.03389830508474576,59,2,433.0,7.338983050847458,0.0,0.0,7.338983050847458,0.0,0.0,365.0,0.6599632193851833,0.8911731394237161,0.7347400897049604,0.7270947084667448,0.9168287624724021,0.8110126213879867,0.8746740783492699,0.9794628751974723,0.8485781990521326,0.8862107876325885,0.7048665124254415,0.7347400899935163
0.66,0,0.7401030919122857,0.6063264766656092,1.0,0.03389830508474576,59,2,394.0,6.677966101694915,0.0,0.0,6.677966101694915,0.0,0.0,340.0,0.6692856176763061,0.8863015059817201,0.7401030916375416,0.733886024580864,0.9132694406611145,0.8138098598719853,0.8746740783492699,0.9842022116903633,0.8119781087790565,0.8625395192892517,0.714911042569016,0.7401030919122857
0.66,8,0.7401629868892605,0.6064080768369652,1.0,0.03389830508474576,59,2,394.0,6.677966101694915,0.0,0.0,6.677966101694915,0.0,0.0,340.0,0.6693774304645659,0.8862970815570562,0.7401629866145657,0.7339058240161108,0.9132497396178786,0.8138142109759952,0.8746740783492699,0.9842022116903633,0.8192450914014894,0.8680067431252264,0.7151144256645523,0.7401629868892605
0.66,16,0.740226848807173,0.6064900991720825,1.0,0.03389830508474576,59,2,394.0,6.677966101694915,0.0,0.0,6.677966101694915,0.0,0.0,340.0,0.6695059587106896,0.8862970815570562,0.7402268485324854,0.7339941413981474,0.9132497396178786,0.8138685063433967,0.8746740783492699,0.9842022116903633,0.8235274204468517,0.8717859023546226,0.7153844472555956,0.740226848807173
0.66,24,0.7403026899141419,0.60659849945716,1.0,0.03389830508474576,59,2,394.0,6.677966101694915,0.0,0.0,6.677966101694915,0.0,0.0,340.0,0.669644782576069,0.8862904894172764,0.7403026896395002,0.7340322658970033,0.9132287251717602,0.8138835971404074,0.8746740783492699,0.9842022116903633,0.8256601218686527,0.8734108177236138,0.7155814945517862,0.7403026899141419
0.66,32,0.738674484035556,0.6057377195075617,0.995260663507109,0.03389830508474576,59,2,394.0,6.677966101694915,0.0,0.0,6.677966101694915,0.0,0.0,340.0,0.6699504273801107,0.8851580815826918,0.7386744837398024,0.7342967822608241,0.9131932632939356,0.8140320806529696,0.8746740783492699,0.9794628751974723,0.8362333559016023,0.8765967050327239,0.7126992948259674,0.738674484035556
0.66,48,0.7362352822000603,0.6041862696434496,0.990521327014218,0.03389830508474576,59,2,394.0,6.677966101694915,0.0,0.0,6.677966101694915,0.0,0.0,340.0,0.670967216814489,0.8831641382163266,0.7362352818662484,0.7346406347576072,0.9131394137757575,0.8142219213729346,0.8746740783492699,0.9747235387045813,0.8474723538704582,0.8801173549988714,0.709141886036574,0.7362352822000603
0.68,0,0.7439083884854206,0.6116757661997277,1.0,0.03389830508474576,59,2,352.0,5.966101694915254,0.0,0.0,5.966101694915254,0.0,0.0,313.0,0.6805555902637083,0.8794378743840539,0.7439083881981396,0.7415131465491848,0.9092294133948706,0.8168512518200891,0.8746740783492699,0.9842022116903633,0.8101613631234483,0.8613847761913808,0.7246033813762153,0.7439083884854206
0.68,8,0.7440316388570823,0.6118215563250834,1.0,0.03389830508474576,59,2,352.0,5.966101694915254,0.0,0.0,5.966101694915254,0.0,0.0,313.0,0.680776626155191,0.8794371818184678,0.7440316385699445,0.7415451588991675,0.9092267865891058,0.8168696151874208,0.8746740783492699,0.9842022116903633,0.8191830286617017,0.8679154442187617,0.7249644731650827,0.7440316388570823
0.68,16,0.7440597878964139,0.6118569162590525,1.0,0.03389830508474576,59,2,352.0,5.966101694915254,0.0,0.0,5.966101694915254,0.0,0.0,313.0,0.680818498372728,0.8794334737398416,0.7440597876092789,0.7416014526522151,0.9092149659631643,0.8168989984930785,0.8746740783492699,0.9842022116903633,0.8228955089144663,0.8708493191905513,0.7250604224185238,0.7440597878964139
0.68,24,0.7429409481213394,0.6114662599853223,0.995260663507109,0.03389830508474576,59,2,352.0,5.966101694915254,0.0,0.0,5.966101694915254,0.0,0.0,313.0,0.6816115342520587,0.8785107710598098,0.7429409478164031,0.7417948289312382,0.9091860710997516,0.8170046377465001,0.8746740783492699,0.9794628751974723,0.8347325660121869,0.8753780185059806,0.7229709365374208,0.7429409481213394
0.68,32,0.7408222914163609,0.6101319129023831,0.990521327014218,0.03389830508474576,59,2,352.0,5.966101694915254,0.0,0.0,5.966101694915254,0.0,0.0,313.0,0.6820390940938645,0.877056022556291,0.7408222910793846,0.7419863824240657,0.9091479824161622,0.8171054239142816,0.8746740783492699,0.9747235387045813,0.8404423380726698,0.874949221394719,0.71900548984051,0.7408222914163609
0.68,48,0.7407224717858644,0.6101411811892994,0.990521327014218,0.01694915254237288,59,1,313.0,5.305084745762712,0.0,0.0,5.305084745762712,0.0,0.0,313.0,0.6822606010619178,0.8765235248307132,0.7407224714486651,0.7422898464297436,0.908964106012627,0.8172150936133004,0.8746740783492699,0.9691943127962085,0.85173775671406,0.8796885578876099,0.7191348186923088,0.7407224717858644
0.7,0,0.747452655026287,0.616858694200947,1.0,0.03389830508474576,59,2,311.0,5.271186440677966,0.0,0.0,5.271186440677966,0.0,0.0,289.0,0.6921620559033095,0.8723094399858199,0.7474526547261265,0.7493083558443931,0.9049674210415022,0.8198145192331145,0.8746740783492699,0.9842022116903633,0.8154855939216129,0.8653320613036254,0.7328606134761548,0.747452655026287
0.7,8,0.7474703199636864,0.616882223891644,1.0,0.03389830508474576,59,2,311.0,5.271186440677966,0.0,0.0,5.271186440677966,0.0,0.0,289.0,0.6921931797472951,0.8723082039596112,0.7474703196635315,0.7493270953028806,0.904963480832855,0.8198241182412777,0.8746740783492699,0.9842022116903633,0.8242533664334613,0.8715383352824112,0.7329108701834885,0.7474703199636864
0.7,16,0.7475960080016558,0.6170516212833527,1.0,0.03389830508474576,59,2,311.0,5.271186440677966,0.0,0.0,5.271186440677966,0.0,0.0,289.0,0.69239320989693,0.8723082039596112,0.7475960077015438,0.7494371243416802,0.904963480832855,0.8198899669020155,0.8746740783492699,0.9842022116903633,0.833073798239675,0.8788873843376213,0.733497570945023,0.7475960080016558
0.7,24,0.7444964400729756,0.6151956089421395,0.990521327014218,0.01694915254237288,59,1,289.0,4.898305084745763,0.0,0.0,4.898305084745763,0.0,0.0,289.0,0.6924663667515449,0.8703984572453097,0.744496439729696,0.7495838564593094,0.9049122581204416,0.8199567399667368,0.8746740783492699,0.9747235387045813,0.8380839539607312,0.873512374934176,0.7262459509507034,0.7444964400729756
0.7,32,0.7445824014798096,0.6153062113145809,0.990521327014218,0.01694915254237288,59,1,289.0,4.898305084745763,0.0,0.0,4.898305084745763,0.0,0.0,289.0,0.6925908313168022,0.8703984572453097,0.7445824011365396,0.7497323095807054,0.9049122581204416,0.8200455499528968,0.8746740783492699,0.9747235387045813,0.8457345971563981,0.8786842699164974,0.7265879980861556,0.7445824014798096
0.7,48,0.7442274865469181,0.615203356002783,0.990521327014218,0.01694915254237288,59,1,289.0,4.898305084745763,0.0,0.0,4.898305084745763,0.0,0.0,289.0,0.6922165685450049,0.8697517180267061,0.7442274862029561,0.7500364765602713,0.9047139342852002,0.8201459834894947,0.8746740783492699,0.966824644549763,0.8538704581358609,0.8807492665312572,0.7264443846792523,0.7442274865469181
0.72,0,0.7498960966259206,0.6211053773551315,1.0,0.03389830508474576,59,2,258.0,4.372881355932203,0.0,0.0,4.372881355932203,0.0,0.0,254.0,0.7026356006556561,0.8645728094051417,0.7498960963087726,0.7572444997254971,0.9003547501185346,0.8226218519260746,0.8746740783492699,0.9830173775671406,0.8203603400285865,0.868070344610629,0.7397656919369658,0.7498960966259206
0.72,8,0.7499084539594598,0.62112182798588,1.0,0.01694915254237288,59,1,254.0,4.305084745762712,0.0,0.0,4.305084745762712,0.0,0.0,254.0,0.7026540189970376,0.8645728094051417,0.7499084536423133,0.7572712680932481,0.9003547501185346,0.8226376466889312,0.8746740783492699,0.9830173775671406,0.8263183630482207,0.872696839758451,0.7398412363769588,0.7499084539594598
0.72,16,0.7493007292183738,0.6208684275033601,0.995260663507109,0.01694915254237288,59,1,254.0,4.305084745762712,0.0,0.0,4.305084745762712,0.0,0.0,254.0,0.7028122977217747,0.8641953401269468,0.7493007288924307,0.7574169525608941,0.9003429294925931,0.822718664263134,0.8746740783492699,0.9782780410742495,0.8368314150304671,0.8760701120890695,0.7372145884640053,0.7493007292183738
0.72,24,0.7476988120411957,0.6199330024406189,0.990521327014218,0.01694915254237288,59,1,254.0,4.305084745762712,0.0,0.0,4.305084745762712,0.0,0.0,254.0,0.7029146390017522,0.8631098219233462,0.747698811690856,0.757550204842166,0.9002903933772973,0.8227753291274162,0.8746740783492699,0.9719589257503949,0.843996840442338,0.8752313247573911,0.7337209998861199,0.7476988120411957
0.72,32,0.7474463356028086,0.61985666377257,0.990521327014218,0.01694915254237288,59,1,254.0,4.305084745762712,0.0,0.0,4.305084745762712,0.0,0.0,254.0,0.7024677640459112,0.8627883653029309,0.7474463352520201,0.7576501877519618,0.9002181562187657,0.822804123810347,0.8746740783492699,0.9672195892575038,0.8489731437598735,0.8767659670503273,0.7334986444278281,0.7474463356028086
0.72,48,0.7477285153925011,0.6205825808953628,0.990521327014218,0.01694915254237288,59,1,254.0,4.305084745762712,0.0,0.0,4.305084745762712,0.0,0.0,254.0,0.7024146805459792,0.8625599540579533,0.7477285150414035,0.758097397748956,0.9001262180169981,0.8230293393923164,0.8746740783492699,0.9632701421800948,0.8597946287519747,0.8830098548108026,0.7346530534176728,0.7477285153925011
0.74,0,0.7515621435399064,0.6251798745873135,1.0,0.01694915254237288,59,1,223.0,3.7796610169491527,0.0,0.0,3.7796610169491527,0.0,0.0,223.0,0.7144615387719455,0.8556411002675113,0.7515621431869522,0.7655642438523623,0.8952337922800805,0.825336936035885,0.8746740783492699,0.9830173775671406,0.8269784849168735,0.8728257524466054,0.7440086324789573,0.7515621435399064
0.74,8,0.7511514645330671,0.6250076569660455,0.990521327014218,0.01694915254237288,59,1,223.0,3.7796610169491527,0.0,0.0,3.7796610169491527,0.0,0.0,223.0,0.7145419415347093,0.8554075649817594,0.7511514641733952,0.7656119423102844,0.8952272252656686,0.82536186299731,0.8746740783492699,0.9735387045813586,0.8364703227262468,0.8706499661475965,0.7396341117246643,0.7511514645330671
0.74,16,0.751183951826036,0.6250522715747262,0.990521327014218,0.01694915254237288,59,1,223.0,3.7796610169491527,0.0,0.0,3.7796610169491527,0.0,0.0,223.0,0.7145908067684085,0.8554075649817594,0.7511839514663669,0.7656945081016958,0.8952272252656686,0.8254098385470751,0.8746740783492699,0.9735387045813586,0.8427104491085533,0.8755134281200632,0.7398175792373402,0.751183951826036
0.74,24,0.7509968635532717,0.6250340461499474,0.990521327014218,0.01694915254237288,59,1,223.0,3.7796610169491527,0.0,0.0,3.7796610169491527,0.0,0.0,223.0,0.7142602974030157,0.8550836871187153,0.7509968631932125,0.7658137175256272,0.8951523613013721,0.8254472698734128,0.8746740783492699,0.9672195892575038,0.8513202437373054,0.8784473030918528,0.7399786933683976,0.7509968635532717
0.74,32,0.751106118840614,0.6252126228458128,0.990521327014218,0.01694915254237288,59,1,223.0,3.7796610169491527,0.0,0.0,3.7796610169491527,0.0,0.0,223.0,0.7144533145461797,0.8550660412586049,0.7511061184806452,0.7658546123479154,0.8951116458120179,0.8254537130343785,0.8746740783492699,0.9656398104265402,0.8544008124576844,0.879587000677048,0.7402858139806735,0.751106118840614
0.74,48,0.7516428833951914,0.6262208543419296,0.990521327014218,0.01694915254237288,59,1,223.0,3.7796610169491527,0.0,0.0,3.7796610169491527,0.0,0.0,223.0,0.7148121857418261,0.8548823239849022,0.7516428830352772,0.7664588631049518,0.8950709303226637,0.8257872357957059,0.8746740783492699,0.9632701421800948,0.8686413902053712,0.8889114571579025,0.7418666720300086,0.7516428833951914
0.76,0,0.7533436437451873,0.6288114069305083,0.990521327014218,0.01694915254237288,59,1,188.0,3.1864406779661016,0.0,0.0,3.1864406779661016,0.0,0.0,188.0,0.7257699910978179,0.8460788261002669,0.7533436433713361,0.7739516270948603,0.8895664588425506,0.8277414162795089,0.8746740783492699,0.9735387045813586,0.8312232001805461,0.8665702386081533,0.7452560427668337,0.7533436437451873
0.76,8,0.7533124860443461,0.628833775444654,0.990521327014218,0.01694915254237288,59,1,188.0,3.1864406779661016,0.0,0.0,3.1864406779661016,0.0,0.0,188.0,0.725630198728076,0.8460210238326445,0.7533124856704266,0.7739844217820786,0.8895533248137266,0.827754485474341,0.8746740783492699,0.9695892575039493,0.8371586549311667,0.8694777839327602,0.7454160185341798,0.7533124860443461
0.76,16,0.7534989723239278,0.6291541056654807,0.990521327014218,0.01694915254237288,59,1,188.0,3.1864406779661016,0.0,0.0,3.1864406779661016,0.0,0.0,188.0,0.7259969375341023,0.8459537992015398,0.7534989719501985,0.7741149039038524,0.8895375639791379,0.8278222755679631,0.8746740783492699,0.9672195892575038,0.8515797788309637,0.8784172120665013,0.7462028029194905,0.7534989723239278
0.76,24,0.7535576191347743,0.6292385219145884,0.990521327014218,0.01694915254237288,59,1,188.0,3.1864406779661016,0.0,0.0,3.1864406779661016,0.0,0.0,188.0,0.7261066772597625,0.8459537992015398,0.7535576187610686,0.7741918890557807,0.8895375639791379,0.8278662925475446,0.8746740783492699,0.9672195892575038,0.8567140600315956,0.8816219062664561,0.7464638670082435,0.7535576191347743
0.76,32,0.7534374710780205,0.6292712982209512,0.990521327014218,0.01694915254237288,59,1,188.0,3.1864406779661016,0.0,0.0,3.1864406779661016,0.0,0.0,188.0,0.7251088129702307,0.8457139188106394,0.7534374707038107,0.7745035248477751,0.8894338051514288,0.8279994742456801,0.8746740783492699,0.9632701421800948,0.8606240126382306,0.8834923370468395,0.7461035661394577,0.7534374710780205
0.76,48,0.7537825952790544,0.6297731039278118,0.985781990521327,0.01694915254237288,59,1,188.0,3.1864406779661016,0.0,0.0,3.1864406779661016,0.0,0.0,188.0,0.7305064651014158,0.8457139188106394,0.7537825948865121,0.7748181082803495,0.8894338051514288,0.8281792110750341,0.8746740783492699,0.9632701421800948,0.8750169262017603,0.8899684044233808,0.7471546597035401,0.7537825952790544
0.78,0,0.7557384538378908,0.6330468573197738,0.990521327014218,0.01694915254237288,59,1,148.0,2.5084745762711864,0.0,0.0,2.5084745762711864,0.0,0.0,148.0,0.7383658344083143,0.8361192764080815,0.755738453448771,0.782844618982051,0.8833790178635926,0.8300788626013551,0.8746740783492699,0.9695892575039493,0.8391164522681109,0.8705793679727328,0.7515001836259025,0.7557384538378908
0.78,8,0.7557674586201123,0.6331062908297838,0.990521327014218,0.01694915254237288,59,1,148.0,2.5084745762711864,0.0,0.0,2.5084745762711864,0.0,0.0,148.0,0.7384440795416148,0.8360877609060512,0.755767458231037,0.7828852255981301,0.8833580034174743,0.8300924111757355,0.8746740783492699,0.9672195892575038,0.8466034755134281,0.875238847513729,0.7515723861567256,0.7557674586201123
0.78,16,0.7558213977464869,0.6331779584237309,0.990521327014218,0.01694915254237288,59,1,148.0,2.5084745762711864,0.0,0.0,2.5084745762711864,0.0,0.0,148.0,0.7385506474619187,0.8360771375684375,0.7558213973574316,0.7829542914617792,0.8833474961944151,0.8301265930588272,0.8746740783492699,0.9672195892575038,0.8524486571879937,0.8790528849770556,0.7518213790679069,0.7558213977464869
0.78,24,0.7557483035499651,0.6332145604673273,0.990521327014218,0.01694915254237288,59,1,148.0,2.5084745762711864,0.0,0.0,2.5084745762711864,0.0,0.0,148.0,0.7376096274793857,0.8358906265430611,0.7557483031605938,0.7831249679766358,0.8832726322301186,0.8301894478772986,0.8746740783492699,0.9632701421800948,0.8574249605055292,0.8811968705333634,0.7513565039748871,0.7557483035499651
0.78,32,0.7557773093783096,0.6332579833835815,0.985781990521327,0.01694915254237288,59,1,148.0,2.5084745762711864,0.0,0.0,2.5084745762711864,0.0,0.0,148.0,0.7424455005083718,0.8358261633154647,0.7557773089759949,0.78326276985435,0.8832397971580589,0.8302523664369059,0.8746740783492699,0.9632701421800948,0.8652843601895734,0.8835525190975427,0.751545878146558,0.7557773093783096
0.78,48,0.7516839864712749,0.6312409836153052,0.9715639810426541,0.01694915254237288,59,1,148.0,2.5084745762711864,0.0,0.0,2.5084745762711864,0.0,0.0,148.0,0.7501365037057889,0.8318081693182757,0.7516839860085703,0.7837391037725401,0.8829390278979906,0.8303868986592816,0.8746740783492699,0.9502369668246445,0.8864928909952606,0.8836245082551186,0.7467818703918206,0.7516839864712749
0.8,0,0.7567014972213043,0.635723563928799,0.990521327014218,0.01694915254237288,59,1,104.0,1.7627118644067796,0.0,0.0,1.7627118644067796,0.0,0.0,104.0,0.7505984947343436,0.824814597873347,0.756701496808253,0.7919192638342559,0.8765466960693792,0.83208675627725,0.8746740783492699,0.9672195892575038,0.837892123674114,0.8691679831490258,0.7551745327141782,0.7567014972213043
0.8,8,0.7567269069290374,0.635760348845912,0.990521327014218,0.01694915254237288,59,1,104.0,1.7627118644067796,0.0,0.0,1.7627118644067796,0.0,0.0,104.0,0.7506469605296002,0.8248111854485393,0.7567269065159964,0.7919553719655535,0.8765388156520848,0.8321031370006483,0.8746740783492699,0.9672195892575038,0.8471563981042654,0.8756337922214699,0.7552201841746257,0.7567269069290374
0.8,16,0.7566875920341755,0.6357743502052867,0.985781990521327,0.01694915254237288,59,1,104.0,1.7627118644067796,0.0,0.0,1.7627118644067796,0.0,0.0,104.0,0.7544489116090733,0.8247033076789964,0.756687591615506,0.7920748715148782,0.8764744589108475,0.8321400893202843,0.8746740783492699,0.9632701421800948,0.8582938388625594,0.878830963665087,0.7546811538966898,0.7566875920341755
0.8,24,0.7564712113502164,0.6356304015287774,0.985781990521327,0.01694915254237288,59,1,104.0,1.7627118644067796,0.0,0.0,1.7627118644067796,0.0,0.0,104.0,0.754157823803519,0.8244163457805915,0.7564712109312993,0.7921961505536949,0.8763391784139609,0.8321460285152703,0.8746740783492699,0.9609004739336493,0.8647709320695103,0.882201158504476,0.75491464805886,0.7564712113502164
0.8,32,0.7570162206031015,0.6364248317740526,0.981042654028436,0.01694915254237288,59,1,104.0,1.7627118644067796,0.0,0.0,1.7627118644067796,0.0,0.0,104.0,0.7599357787557873,0.8244060747727121,0.757016220184713,0.7924442248489225,0.8763024031332539,0.832266285294446,0.8746740783492699,0.9609004739336493,0.8826224328593997,0.8908899420747761,0.7565147865575234,0.7570162206031015
0.8,48,0.7472656075115051,0.6303089625835792,0.957345971563981,0.01694915254237288,59,1,104.0,1.7627118644067796,0.0,0.0,1.7627118644067796,0.0,0.0,104.0,0.7622189815686176,0.8172914851396379,0.7472656069831142,0.7926518046582947,0.8758479657359456,0.8321756861648892,0.8746740783492699,0.9332543443917851,0.8910742496050553,0.8705950942778374,0.7407576083275635,0.7472656075115051
0.82,0,0.7564507309256593,0.6373286580890515,0.985781990521327,0.01694915254237288,59,1,64.0,1.0847457627118644,0.0,0.0,1.0847457627118644,0.0,0.0,64.0,0.7674615321407091,0.8119340227391871,0.7564507304849066,0.8012845667887526,0.8689197655313174,0.8337327169194766,0.8746740783492699,0.9648499210110584,0.8483073798239674,0.8724516662905288,0.7566786357046418,0.7564507309256593
0.82,8,0.756443164211214,0.6373353342923046,0.981042654028436,0.01694915254237288,59,1,64.0,1.0847457627118644,0.0,0.0,1.0847457627118644,0.0,0.0,64.0,0.7722676808640593,0.8118819655713427,0.7564431637703525,0.8013408917475199,0.8688987510851991,0.8337535311424235,0.8746740783492699,0.9624802527646129,0.8604660347551343,0.8770716645124228,0.7568656195964838,0.756443164211214
0.82,16,0.7564004917937002,0.6372949460557555,0.981042654028436,0.01694915254237288,59,1,64.0,1.0847457627118644,0.0,0.0,1.0847457627118644,0.0,0.0,64.0,0.7723279379371123,0.811737591758169,0.7564004913527986,0.8014560583683374,0.8688225737180203,0.8337807860041846,0.8746740783492699,0.9593206951026856,0.8715414127736402,0.8826750921537652,0.7567204489226399,0.7564004917937002
0.82,24,0.7565886764973577,0.637651954304549,0.981042654028436,0.01694915254237288,59,1,64.0,1.0847457627118644,0.0,0.0,1.0847457627118644,0.0,0.0,64.0,0.7728441696137627,0.8116260734090108,0.756588676056834,0.8015573915509207,0.8687713510056069,0.8338120278052473,0.8746740783492699,0.9581358609794628,0.879778830963665,0.8878372518043552,0.7572929130823265,0.7565886764973577
0.82,32,0.7496352285671787,0.633570072245818,0.9620853080568721,0.01694915254237288,59,1,64.0,1.0847457627118644,0.0,0.0,1.0847457627118644,0.0,0.0,64.0,0.7745847405433784,0.8068940052321207,0.7496352280354804,0.8016616079827003,0.8686295034943083,0.8338030654987976,0.8746740783492699,0.9391785150078988,0.8864928909952607,0.8733484230975169,0.7445493590765341,0.7496352285671787
0.82,48,0.748809003651421,0.6331368536140838,0.957345971563981,0.01694915254237288,59,1,64.0,1.0847457627118644,0.0,0.0,1.0847457627118644,0.0,0.0,64.0,0.7747258992843117,0.8062918231634125,0.7488090031166936,0.8018759232263745,0.8684088518100662,0.8338172749828965,0.8746740783492699,0.9332543443917851,0.8913902053712479,0.8710765506834647,0.7432700861494632,0.748809003651421
0.84,0,0.756099601017529,0.6388099670918013,0.981042654028436,0.01694915254237288,59,1,19.0,0.3220338983050847,0.0,0.0,0.3220338983050847,0.0,0.0,19.0,0.786594218830684,0.7982242444683164,0.7560996005522759,0.8113013817396345,0.8603248570689314,0.835094268180975,0.8746740783492699,0.9593206951026856,0.8619160460392687,0.8749954761803104,0.7589355128958194,0.756099601017529
0.84,8,0.7561625745632838,0.6389070752108178,0.981042654028436,0.01694915254237288,59,1,19.0,0.3220338983050847,0.0,0.0,0.3220338983050847,0.0,0.0,19.0,0.786724129516094,0.798217425279118,0.7561625740981318,0.8113431201569591,0.8603222302631666,0.8351151412771518,0.8746740783492699,0.9593206951026856,0.8728278041074249,0.8830109730583665,0.7590990758170858,0.7561625745632838
0.84,16,0.756407320211491,0.6391991089077776,0.981042654028436,0.01694915254237288,59,1,19.0,0.3220338983050847,0.0,0.0,0.3220338983050847,0.0,0.0,19.0,0.7872268492173513,0.7981658546970409,0.7564073197468365,0.8114228729993558,0.8602959622055186,0.8351450095338517,0.8746740783492699,0.9581358609794628,0.8808621078763258,0.8880231081374099,0.7597183115820535,0.756407320211491
0.84,24,0.751697165141726,0.6365302303936966,0.9620853080568721,0.0,59,0,0.0,0.0,0.0,0.0,0.0,0.0,0.0,0.0,0.7882336147206584,0.7952938908757149,0.7516971646211329,0.8115511011316153,0.8601633085143968,0.8351504014680219,0.8746740783492699,0.9391785150078988,0.8883660573234033,0.8740082130798607,0.7492475653706311,0.751697165141726
0.84,32,0.7498659589175704,0.635410399005956,0.957345971563981,0.0,59,0,0.0,0.0,0.0,0.0,0.0,0.0,0.0,0.0,0.7883125044439263,0.794075864347458,0.749865958374149,0.8116428296089351,0.860056922880923,0.8351488160145085,0.8746740783492699,0.9332543443917851,0.8916835928684269,0.8706455409968095,0.7455127153590093,0.7498659589175704
0.84,48,0.7477915373403784,0.6341235498623979,0.95260663507109,0.0,59,0,0.0,0.0,0.0,0.0,0.0,0.0,0.0,0.0,0.7888203727173958,0.7923517619537955,0.7477915367762205,0.8118703840564255,0.8599216423840363,0.8352054597930254,0.8746740783492699,0.9285150078988941,0.8982396750169263,0.8703371079869547,0.7421147536991323,0.7477915373403784
0.86,0,0.752640294347533,0.6372574929340146,0.981042654028436,0.0,59,0,0.0,0.0,0.0,0.0,0.0,0.0,0.0,0.0,0.8020834480256042,0.7808604879625787,0.752640293837416,0.8218272558922345,0.8504073519039745,0.8358730732488188,0.8746740783492699,0.9581358609794628,0.8707233130218912,0.8804873401555061,0.7585944711139405,0.752640294347533
0.86,8,0.752717642285806,0.637352742478925,0.981042654028436,0.0,59,0,0.0,0.0,0.0,0.0,0.0,0.0,0.0,0.0,0.8022944410768035,0.7808306260901026,0.752717641775885,0.8218558370789155,0.8503915910693858,0.8358802425513072,0.8746740783492699,0.9581358609794628,0.8791130670277589,0.8865388722040328,0.758668331413822,0.752717642285806
0.86,16,0.7496575627058862,0.6356995019186766,0.9620853080568721,0.0,59,0,0.0,0.0,0.0,0.0,0.0,0.0,0.0,0.0,0.8024765118848938,0.7790535229466545,0.7496575621559999,0.8219264345167663,0.8502865188387942,0.8358659886522753,0.8746740783492699,0.937993680884676,0.8859174001354096,0.8716342628050773,0.7487735627455914,0.7496575627058862
0.86,24,0.7486338975913639,0.6351550735989462,0.957345971563981,0.0,59,0,0.0,0.0,0.0,0.0,0.0,0.0,0.0,0.0,0.8025470742952772,0.778434013853736,0.748633897029891,0.8220171859662757,0.8502195352917922,0.8358805436688609,0.8746740783492699,0.9332543443917851,0.8904197698036561,0.8698987186664108,0.7457369461244323,0.7486338975913639
0.86,32,0.7467938219368503,0.6340169801888599,0.95260663507109,0.0,59,0,0.0,0.0,0.0,0.0,0.0,0.0,0.0,0.0,0.8024443231140753,0.7770788811989728,0.746793821358722,0.8220460180048366,0.8500776877804936,0.8358268898610147,0.8746740783492699,0.9261453396524486,0.8935793274655833,0.8654753379397125,0.7423130538503976,0.7467938219368503
0.86,48,0.746415020004997,0.6340367040009437,0.9478672985781991,0.0,59,0,0.0,0.0,0.0,0.0,0.0,0.0,0.0,0.0,0.8029869353510629,0.7766747669082462,0.7464150194255494,0.8224174477948801,0.8499778691614317,0.8359705659904526,0.8746740783492699,0.9202211690363349,0.9036899119837509,0.8664293072883233,0.7416789005122678,0.746415020004997
0.88,0,0.7474287859161989,0.6345610746890752,0.9715639810426541,0.0,59,0,0.0,0.0,0.0,0.0,0.0,0.0,0.0,0.0,0.8183937907246568,0.7614854888024835,0.7474287853448313,0.8330724621802046,0.83885071994179,0.8359516060739128,0.8746740783492699,0.9439178515007899,0.8721958925750395,0.8711988944575917,0.7526429728841935,0.7474287859161989
0.88,8,0.7464080622996746,0.6340619999204882,0.957345971563981,0.0,59,0,0.0,0.0,0.0,0.0,0.0,0.0,0.0,0.0,0.8184748091345905,0.7609162012477259,0.746408061713818,0.8330983150427794,0.8388165714668477,0.8359476645104543,0.8746740783492699,0.9261453396524486,0.878830963665087,0.8590969920852685,0.744484198942965,0.7464080622996746
0.88,16,0.7464235483469251,0.6341048220130127,0.957345971563981,0.0,59,0,0.0,0.0,0.0,0.0,0.0,0.0,0.0,0.0,0.8186028869222461,0.7607743981613145,0.7464235477610176,0.8331919967853546,0.8387850497976703,0.8359791684256479,0.8746740783492699,0.9261453396524486,0.889257503949447,0.8661270078830569,0.74444649325306,0.7464235483469251
0.88,24,0.7450742137813715,0.6333206436541787,0.95260663507109,0.0,59,0,0.0,0.0,0.0,0.0,0.0,0.0,0.0,0.0,0.8186606824508299,0.7599383049829584,0.745074213181719,0.8332348186220205,0.8387088724304914,0.8359628843198295,0.8746740783492699,0.9202211690363349,0.8917061611374408,0.8617939002324136,0.7412531022867178,0.7450742137813715
0.88,32,0.7451646341723077,0.6334433811900269,0.95260663507109,0.0,59,0,0.0,0.0,0.0,0.0,0.0,0.0,0.0,0.0,0.8188401158357455,0.7599383049829584,0.7451646335726694,0.8334566726574338,0.8387088724304914,0.836074524077614,0.8746740783492699,0.9202211690363349,0.8986835176408635,0.8663324629760443,0.7416948764209329,0.7451646341723077
0.88,48,0.7379083965254432,0.6287945534297897,0.933649289099526,0.0,59,0,0.0,0.0,0.0,0.0,0.0,0.0,0.0,0.0,0.8205216498044772,0.7545968124807477,0.7379083958447968,0.8337996671656569,0.8383608206666571,0.8360740231851294,0.8746740783492699,0.9012638230647709,0.9060708643647032,0.8520251702576767,0.729440864501156,0.7379083965254432
0.9,0,0.7411458765150527,0.6295495029922905,0.957345971563981,0.0,59,0,0.0,0.0,0.0,0.0,0.0,0.0,0.0,0.0,0.8356968615899018,0.7393370260951111,0.7411458758938368,0.8452396169573214,0.8250639298853005,0.8350299218124829,0.8746740783492699,0.9249605055292258,0.8841232227488153,0.8614526406494479,0.7417507104008962,0.7411458765150527
0.9,8,0.7411413825316726,0.629546407228061,0.957345971563981,0.0,59,0,0.0,0.0,0.0,0.0,0.0,0.0,0.0,0.0,0.8357236227944123,0.7392919431564198,0.7411413819104358,0.8452787839968997,0.825045542244947,0.8350396168389345,0.8746740783492699,0.9237756714060031,0.8879146919431281,0.8630737946402701,0.741300583854207,0.7411413825316726
0.9,16,0.7404348186820946,0.6291797312438953,0.95260663507109,0.0,59,0,0.0,0.0,0.0,0.0,0.0,0.0,0.0,0.0,0.8357573326562091,0.7388961176843901,0.7404348180531088,0.8453583829031303,0.8250166473815344,0.8350636548724742,0.8746740783492699,0.9190363349131121,0.8937203791469194,0.8623233768531847,0.7387780622864573,0.7404348186820946
0.9,24,0.7389927886689402,0.6283695654162141,0.943127962085308,0.0,59,0,0.0,0.0,0.0,0.0,0.0,0.0,0.0,0.0,0.836115132493407,0.737846184113958,0.7389927880281614,0.8454543863687455,0.8249115751509428,0.8350566590128581,0.8746740783492699,0.9095576619273301,0.899565560821485,0.8564015469089347,0.7352092822094731,0.7389927886689402
0.9,32,0.7369938026336325,0.6271478517942223,0.9383886255924171,0.0,59,0,0.0,0.0,0.0,0.0,0.0,0.0,0.0,0.0,0.8372322269743908,0.7364119112279517,0.7369938019558657,0.8456772834871502,0.8248813668846477,0.8351498864058712,0.8746740783492699,0.9048183254344392,0.9031482735274203,0.8543996257127007,0.7314826311959044,0.7369938026336325
0.9,48,0.7356550542765374,0.6265986484715174,0.933649289099526,0.0,59,0,0.0,0.0,0.0,0.0,0.0,0.0,0.0,0.0,0.838965810049435,0.7352151662020049,0.7356550535821067,0.8462328351772744,0.8247697276396443,0.8353634405111973,0.8746740783492699,0.8988941548183254,0.9183931392462198,0.8593297666617989,0.7295568981220135,0.7356550542765374
0.92,0,0.7312183745642941,0.6202287514750703,0.9478672985781991,0.0,59,0,0.0,0.0,0.0,0.0,0.0,0.0,0.0,0.0,0.8546012199933791,0.7113604667267779,0.7312183738871826,0.8588896292664255,0.8075286880024587,0.8324176568067846,0.8746740783492699,0.9142969984202212,0.8923437147370797,0.8559984484903417,0.7291345611294137,0.7312183745642941
0.92,8,0.7311421700101226,0.6201983201000069,0.943127962085308,0.0,59,0,0.0,0.0,0.0,0.0,0.0,0.0,0.0,0.0,0.854676627498016,0.7112991165493174,0.7311421693328054,0.8589364948084897,0.8074971663332813,0.8324229182251136,0.8746740783492699,0.9060031595576619,0.8988546603475515,0.8537754739924858,0.7283910337456583,0.7311421700101226
0.92,16,0.7311948207157387,0.6202678143074257,0.943127962085308,0.0,59,0,0.0,0.0,0.0,0.0,0.0,0.0,0.0,0.0,0.854792122244856,0.7112946088397469,0.7311948200384322,0.8590431477755421,0.8074800920958101,0.8324639266760141,0.8746740783492699,0.9060031595576619,0.9041751297675469,0.8575308020666259,0.7286968065672139,0.7311948207157387
0.92,24,0.7285483606940378,0.6187937612485255,0.933649289099526,0.0,59,0,0.0,0.0,0.0,0.0,0.0,0.0,0.0,0.0,0.8560822217707762,0.7096246074775637,0.7285483599756413,0.8591945348226165,0.8074328095920439,0.8325098703832979,0.8746740783492699,0.8965244865718799,0.9095463777928233,0.8523739525969801,0.7223411276546547,0.7285483606940378
0.92,32,0.7286588304884953,0.6189502639068994,0.933649289099526,0.0,59,0,0.0,0.0,0.0,0.0,0.0,0.0,0.0,0.0,0.8563930178401337,0.7096044598731138,0.7286588297701259,0.8593373013987011,0.8074157353545728,0.8325678055796512,0.8746740783492699,0.8965244865718799,0.9157865041751297,0.8561079752883489,0.7225855473162576,0.7286588304884953
0.92,48,0.7287327893528521,0.619054071727317,0.933649289099526,0.0,59,0,0.0,0.0,0.0,0.0,0.0,0.0,0.0,0.0,0.8577520821183433,0.709165154587876,0.728732788634348,0.8596619813660339,0.8072160981164489,0.8326139731980774,0.8746740783492699,0.8941548183254344,0.923211464680659,0.8593465218918244,0.7225789588554172,0.7287327893528521
0.94,0,0.7157046488497032,0.6046042198751715,0.943127962085308,0.0,59,0,0.0,0.0,0.0,0.0,0.0,0.0,0.0,0.0,0.8789118441333555,0.6754046489497941,0.7157046481007492,0.874700835171531,0.7843484405310875,0.8270643265944887,0.8746740783492699,0.9060031595576619,0.8989844278943804,0.8546234729012844,0.7171284955452406,0.7157046488497032
0.94,8,0.7148058908068389,0.6041431691704409,0.933649289099526,0.0,59,0,0.0,0.0,0.0,0.0,0.0,0.0,0.0,0.0,0.8789525383673877,0.6749141712525744,0.7148058900434346,0.8747229696771727,0.7843142920561453,0.8270552356260231,0.8746740783492699,0.8965244865718799,0.9059467388851273,0.8496614087419263,0.7118902036625278,0.7148058908068389
0.94,16,0.7149329568101893,0.6043070256535725,0.933649289099526,0.0,59,0,0.0,0.0,0.0,0.0,0.0,0.0,0.0,0.0,0.8798134375157621,0.6748724076833298,0.714932956046911,0.8748108222146364,0.7842459951062608,0.8270565258944278,0.8746740783492699,0.8965244865718799,0.9132927104491085,0.8543320145973662,0.7122578423769483,0.7149329568101893
0.94,24,0.7153108480071042,0.6047904427241374,0.933649289099526,0.0,59,0,0.0,0.0,0.0,0.0,0.0,0.0,0.0,0.0,0.8808868413838751,0.6748479345205781,0.7153108472443036,0.8750263796560093,0.7841921455880827,0.8271228939029247,0.8746740783492699,0.8953396524486571,0.9243511622658542,0.8606333128667365,0.7130747751367831,0.7153108480071042
0.94,32,0.7138442785192374,0.6039116031203663,0.9289099526066351,0.0,59,0,0.0,0.0,0.0,0.0,0.0,0.0,0.0,0.0,0.8809643346333883,0.6739069262894978,0.7138442777449655,0.8751291774711558,0.784119908429551,0.8271286286473508,0.8746740783492699,0.8882306477093207,0.9283006093432633,0.85699982155552,0.7094731524482573,0.7138442785192374
0.94,48,0.7122508879934201,0.603086959378923,0.9241706161137441,0.0,59,0,0.0,0.0,0.0,0.0,0.0,0.0,0.0,0.0,0.883814056635561,0.672431061640556,0.7122508871956426,0.8755315762528624,0.783903196953956,0.8271876819025972,0.8746740783492699,0.8819115323854659,0.9380613856917174,0.8573869541701408,0.7070925447745652,0.7122508879934201
0.95,0,0.7035936825427959,0.592256186506971,0.933649289099526,0.0,59,0,0.0,0.0,0.0,0.0,0.0,0.0,0.0,0.0,0.8930708262014909,0.6524594241764117,0.703593681743679,0.8832014785424418,0.7694925405283295,0.8224352985849318,0.8746740783492699,0.8953396524486571,0.9106860753780185,0.8523206287970861,0.7020374102874248,0.7035936825427959
0.95,8,0.7036091479179579,0.5922714581370341,0.933649289099526,0.0,59,0,0.0,0.0,0.0,0.0,0.0,0.0,0.0,0.0,0.8933133542127537,0.652453015761333,0.7036091471188312,0.8832298136645963,0.7694754662908583,0.8224378308150272,0.8746740783492699,0.8953396524486571,0.9157413676371022,0.8551125612348155,0.7018201177373455,0.7036091479179579
0.95,16,0.7036437252226745,0.5923089831473619,0.933649289099526,0.0,59,0,0.0,0.0,0.0,0.0,0.0,0.0,0.0,0.0,0.8935181293478792,0.6524048758495254,0.7036437244235364,0.883349090245642,0.7694413178159161,0.8224700298052341,0.8746740783492699,0.8929699842022116,0.9235612728503724,0.8592340801878828,0.7018736730391002,0.7036437252226745
0.95,24,0.702547870514646,0.5917297245721921,0.9289099526066351,0.0,59,0,0.0,0.0,0.0,0.0,0.0,0.0,0.0,0.0,0.8936290529439417,0.6517487999369953,0.702547869706988,0.8834266083339742,0.7693835280890907,0.8224706102041877,0.8746740783492699,0.8858609794628751,0.9266418415707516,0.8548784042682258,0.6989740445780188,0.702547870514646
0.95,32,0.699942171845501,0.5902113392143329,0.919431279620853,0.0,59,0,0.0,0.0,0.0,0.0,0.0,0.0,0.0,0.0,0.8958787474815099,0.6499568492133512,0.6999421710134863,0.8835888142656891,0.7691116536924352,0.8223855045719526,0.8746740783492699,0.872432859399684,0.9332430602572782,0.8467347311956429,0.6945231298528725,0.699942171845501
0.95,48,0.6947871821204411,0.5867426602145676,0.909952606635071,0.0,59,0,0.0,0.0,0.0,0.0,0.0,0.0,0.0,0.0,0.8963011905312572,0.6461578101295088,0.6947871812245788,0.8840044156577653,0.7688371524900148,0.8224084519904185,0.8746740783492699,0.8613744075829384,0.9421800947867299,0.842379055275986,0.6872468327598735,0.6947871821204411
